symbol,subject,file,details,datetime
HINDUNILVR,General Updates,https://nsearchives.nseindia.com/corporate/HINDUNILVR_09022026140003_09022026KWILIntimationsigned.pdf,Material Update in connection with the Scheme of Arrangement - Communication received from Kwality Wall's (India) Limited,2026-02-09 14:00:13+05:30
HCLTECH,Updates,https://nsearchives.nseindia.com/corporate/HCLTECH_09022026143538_Release09Feb2026.pdf,"HCL Technologies Limited has informed the Exchange regarding 'Release    HCLTech achieves AWS Competencies in Supply Chain, Security and High Performance Computing '.",2026-02-09 14:35:45+05:30
BAJAJ-AUTO,Press Release,https://nsearchives.nseindia.com/corporate/lkwalimbe_bajajauto_co_in_09022026145118_SE_-_Press_Release_Bajaj_Wego.pdf,"Bajaj Auto Limited has informed the Exchange regarding a press release dated February 09, 2026, titled ""Bajaj Auto Introduces WEGO P9018, the Largest Electric Three-Wheeler in the Industry, with India's Highest Range of 296 Kms in the Segment."".",2026-02-09 14:51:31+05:30
SHRIRAMFIN,Allotment of Securities,https://nsearchives.nseindia.com/corporate/Mathew_09022026150345_NSEBSEAllotmentofESOSfeb2026.pdf,"Shriram Finance Limited has informed the Exchange regarding allotment of 39750 securities pursuant to ESOP/ESPS at its meeting held on February 09, 2026",2026-02-09 15:04:27+05:30
TMPV,Analysts/Institutional Investor Meet/Con. Call Updates,https://nsearchives.nseindia.com/corporate/TATAMOTORSSJS_09022026150538_LetterNSEBSEAnalystMeet.pdf,Tata Motors Passenger Vehicles Limited has informed the Exchange about Schedule of meet,2026-02-09 15:06:09+05:30
TRENT,Analysts/Institutional Investor Meet/Con. Call Updates,https://nsearchives.nseindia.com/corporate/TRENT_09022026151153_InvestorAnalystMeeting09022026.pdf,Trent Limited has informed the Exchange about Intimation of schedule of Analyst / Institutional Investor Meetings,2026-02-09 15:14:12+05:30
HDFCLIFE,General Updates,https://nsearchives.nseindia.com/corporate/PRASAD_09022026162412_Cancellationofinvestormeetrevisedsigned.pdf,HDFC Life Insurance Company Limited has informed the Exchange about the Cancellation of Analyst/ Institutional Investor meet,2026-02-09 16:25:17+05:30
NTPC,Updates,https://nsearchives.nseindia.com/corporate/NTPC_09022026173446_2026092026_STEX_NGELCOD.pdf,NTPC Limited has informed the Exchange regarding 'Declaration of COD of eleventh part capacity of 14.43 MW out of 1255 MW Khavda-I Solar PV Project under CPSU Scheme Phase-II Tranche-III of NTPC Renewable Energy Limited'.,2026-02-09 17:36:36+05:30
KOTAKBANK,Analysts/Institutional Investor Meet/Con. Call Updates,https://nsearchives.nseindia.com/corporate/KMBLTAB_09022026180130_Investormeet09022026.pdf,Kotak Mahindra Bank Limited has informed the Exchange about Schedule of meet,2026-02-09 18:01:54+05:30
DRREDDY,Resignation,https://nsearchives.nseindia.com/corporate/DRREDDY_09022026181545_SE_intimation_Reg30_change_in_SMP_signed.pdf,"Dr. Reddy's Laboratories Limited has informed the Exchange regarding Resignation of Mr Sushrut Kulkarni as Other of the company w.e.f. May 08, 2026.",2026-02-09 18:17:09+05:30
KOTAKBANK,General Updates,https://nsearchives.nseindia.com/corporate/KMBLTAB_09022026184818_SE30.pdf,Kotak Mahindra Bank Limited has informed the Exchange about General Updates,2026-02-09 18:48:34+05:30
M&M,General Updates,https://nsearchives.nseindia.com/corporate/NishaMandhana_09022026185656_MonthlyReport.pdf,"Mahindra & Mahindra Limited has informed the Exchange about Production, Sales and Export figures for the month of January 2026",2026-02-09 18:57:35+05:30
SBIN,Copy of Newspaper Publication,https://nsearchives.nseindia.com/corporate/SBIN_09022026185830_Financial_Results_Newspapar_09022026.pdf,State Bank of India has informed the Exchange about Newspaper publication of financial results for the quarter ended 31.12.2025,2026-02-09 18:59:17+05:30
KOTAKBANK,Change in Management,https://nsearchives.nseindia.com/corporate/KMBLTAB_09022026192143_SE30.pdf,Kotak Mahindra Bank Limited has informed the Exchange about change in Management,2026-02-09 19:22:01+05:30
ADANIENT,Committee Meeting Updates,https://nsearchives.nseindia.com/corporate/ADANIENT_09022026192746_2ndcallrecorddateintimation_Final.pdf,"Adani Enterprises Limited has informed the Exchange regarding Outcome of Rights Issue Committee Meeting held on February 09, 2026.",2026-02-09 19:28:13+05:30
WIPRO,General Updates,https://nsearchives.nseindia.com/corporate/Wipro_Secretarial_09022026193231_Reg30SEIntimation.pdf,"Wipro Limited has informed the Exchange that pursuant to to our earlier letters dated November 8, 2024, and June 23, 2025, respectively, informing about the signing of definitive agreement by Wipro Limited ( Company ) for subscribing to the equity share capital of AMPIN Energy C&I One Private Limited and that the transaction was expected to be complete by March 31, 2026.It is hereby informed that the transaction has been completed on February 9, 2026.",2026-02-09 19:32:59+05:30
ADANIENT,Record Date,https://nsearchives.nseindia.com/corporate/ADANIENT_09022026193243_2ndcallrecorddateintimation_Final.pdf,Adani Enterprises Limited has informed the Exchange that Record date for the purpose of Second and Final Call on partly paid equity shares is 13-Feb-2026.,2026-02-09 19:35:20+05:30
M&M,Analysts/Institutional Investor Meet/Con. Call Updates,https://nsearchives.nseindia.com/corporate/NishaMandhana_09022026193919_Concluded09022026.pdf,Mahindra & Mahindra Limited has informed the Exchange about Outcome,2026-02-09 19:40:44+05:30
ADANIENT,Analysts/Institutional Investor Meet/Con. Call Updates,https://nsearchives.nseindia.com/corporate/nishant_joshi_adani_com_09022026232542_Submissionoftranscriptof_InvCall09022026.pdf,Adani Enterprises Limited has informed the Exchange about Transcript,2026-02-09 23:29:52+05:30
POWERGRID,Analysts/Institutional Investor Meet/Con. Call Updates,https://nsearchives.nseindia.com/corporate/POWERGRID1_09022026231720_BSENSEReg30Transcript09022026.pdf,Power Grid Corporation of India Limited has informed the Exchange about Transcript,2026-02-09 23:17:58+05:30
ADANIPORTS,Updates,https://nsearchives.nseindia.com/corporate/rkbhagia_10022026045727_APSEZLetter.pdf,"Adani Ports and Special Economic Zone Limited has informed the Exchange regarding ''. Outcome of Finance Committee Meeting held on February 10, 2026",2026-02-10 04:58:07+05:30
ADANIPORTS,Press Release,https://nsearchives.nseindia.com/corporate/rkbhagia_10022026055545_APSEZPR.pdf,"Adani Ports and Special Economic Zone Limited has informed the Exchange regarding a press release dated February 10, 2026, titled ""Press release regarding commencement of its tender offers for its Senior Notes"".",2026-02-10 05:59:06+05:30
CIPLA,General Updates,https://nsearchives.nseindia.com/corporate/CIPLA_10022026084050_USFDAinspection-InvagenFeb2026_Signed.pdf,Cipla Limited has informed the Exchange about General Updates,2026-02-10 08:42:01+05:30
JSWSTEEL,Press Release,https://nsearchives.nseindia.com/corporate/jessydenny_10022026092523_press_release.pdf,JSW Steel reports Consolidated Crude Steel Production of 24.75 Lakh Tonnes for January 26,2026-02-10 09:25:39+05:30
ADANIENT,General Updates,https://nsearchives.nseindia.com/corporate/kuntal_chandya_adani_com_10022026104557_Intimation10022026.pdf,Adani Enterprises Limited has informed the Exchange about General Updates,2026-02-10 10:46:22+05:30
M&M,Sale or disposal,https://nsearchives.nseindia.com/corporate/ferozebaria_10022026110754_SEIntimationReg30_-_SaleofStakebyMLDL.pdf,"Intimation by Mahindra Lifespace Developers Limited, a listed subsidiary of the Company, under Regulation 30 of the Securities and Exchange Board of India (Listing Obligations and Disclosure Requirements) Regulations, 2015 ( SEBI Listing Regulations )",2026-02-10 11:08:22+05:30
ICICIBANK,ESOP/ESOS/ESPS,https://nsearchives.nseindia.com/corporate/ICICIBANK1_10022026113415_LETTER_TO_STOCK_EXCHNAGE1.pdf,ICICI Bank Limited has informed the Exchange regarding Allotment of 1475637  Shares.,2026-02-10 11:34:52+05:30
LT,Bagging/Receiving of orders/contracts,https://nsearchives.nseindia.com/corporate/PAM_10022026120057_PressRelease10022026.pdf,Larsen & Toubro Limited has informed the Exchange about Bagging/Receiving of orders/contracts,2026-02-10 12:01:11+05:30
MARUTI,Analysts/Institutional Investor Meet/Con. Call Updates,https://nsearchives.nseindia.com/corporate/MARUTIASHISH_10022026120506_STxIntimation_InvestorMeet_23_24Feb2026.pdf,Maruti Suzuki India Limited has informed the Exchange about Schedule of meet,2026-02-10 12:11:28+05:30
BHARTIARTL,Action(s) taken or orders passed,https://nsearchives.nseindia.com/corporate/BHARTIARTL_10022026142526_Bharti_Airtel_-_Reg_30_disclosure.pdf,Bharti Airtel Limited has informed the Exchange about Action(s) taken or orders passed,2026-02-10 14:26:18+05:30
ETERNAL,News Verification,-,The Exchange has sought clarification from ETERNAL LIMITED with respect to recent news item captioned Zomato launches AI-powered hotline to simplify delivery partner onboarding.  The response from the Company is awaited.,2026-02-10 14:51:58+05:30
TRENT,Press Release,https://nsearchives.nseindia.com/corporate/TRENT_10022026150852_PressReleaseWesnessFunRun.pdf,"Trent Limited has informed the Exchange regarding a press release dated February 10, 2026, titled ""Press Release on the Wesness Fun Run Mumbai"".",2026-02-10 15:09:16+05:30
TITAN,General Updates,https://nsearchives.nseindia.com/corporate/TITAN_10022026151838_Commercial_paper_End_Use__SE_Intimation_Q3_2025.pdf,Titan Company Limited has informed the Exchange about Certificate pursuant to SEBI Circular no. SEBI/HO/DDHS/P/CIR/2021/613 dated 10th August 2021,2026-02-10 15:18:59+05:30
ETERNAL,Change in Management,https://nsearchives.nseindia.com/corporate/ZOMATO_10022026152522_EternalOutcomeofBoardmeetingSigned.pdf,"Outcome of board meeting dated February 10, 2026.",2026-02-10 15:25:43+05:30
RELIANCE,Press Release,https://nsearchives.nseindia.com/corporate/PVIVINMA_10022026153033_RIL_MR_.pdf,"Please find attached a media release by Reliance Consumer Products Limited, a subsidiary of the Company, titled  RELIANCE CONSUMER PRODUCTS ACQUIRES TAMIL NADU S SOUTHERN HEALTH FOODS .",2026-02-10 15:32:08+05:30
RELIANCE,Acquisition,https://nsearchives.nseindia.com/corporate/PVIVINMA_10022026154226_RIL_Reg30_RCPL.pdf,"Disclosure under Regulation 30 of the Securities and Exchange Board of India (Listing Obligations and Disclosure Requirements) Regulations, 2015   Acquisition of 100% equity stake in Southern Health Foods Private Limited is attached.",2026-02-10 15:43:38+05:30
EICHERMOT,Allotment of Securities,https://nsearchives.nseindia.com/corporate/EICHERMOT_10022026163053_IntimationofAllotmentFebruary102026Signed.pdf,"Eicher Motors Limited has informed the Exchange regarding allotment of 14967 securities pursuant to ESOP/ESPS at its meeting held on February 10, 2026",2026-02-10 16:32:43+05:30
EICHERMOT,Outcome of Board Meeting,https://nsearchives.nseindia.com/corporate/EICHERMOT_10022026163937_EMLOutcomeBM10022026Signed.pdf,"Eicher Motors Limited has submitted to the Exchange, the financial results for the period ended December 31, 2025.",2026-02-10 16:41:18+05:30
EICHERMOT,Outcome of Board Meeting,https://nsearchives.nseindia.com/corporate/EICHERMOT_10022026164151_EMLOutcomeBM10022026Signed.pdf,"Eicher Motors Limited has informed the Exchange regarding  Board meeting held on February 10, 2026.",2026-02-10 16:43:07+05:30
ONGC,Analysts/Institutional Investor Meet/Con. Call Updates,https://nsearchives.nseindia.com/corporate/ONGC_10022026165034_investormeet10022026.pdf,Oil & Natural Gas Corporation Limited has informed the Exchange about Schedule of meet,2026-02-10 16:50:56+05:30
EICHERMOT,Capacity addition,https://nsearchives.nseindia.com/corporate/EICHERMOT_10022026165336_EMLCapacityAdditionIntimationSignedfinal10022026.pdf,Eicher Motors Limited has informed the Exchange about Capacity addition,2026-02-10 16:54:55+05:30
TITAN,Outcome of Board Meeting,https://nsearchives.nseindia.com/corporate/TITAN_10022026165938_SEoutcomeofBMQ3.pdf,"Titan Company Limited has submitted to the Exchange, the financial results for the period ended December 31, 2025.",2026-02-10 17:04:16+05:30
EICHERMOT,Press Release,https://nsearchives.nseindia.com/corporate/EICHERMOT_10022026170549_EMLPressReleaseFebruary102026Signed.pdf,"Eicher Motors Limited has informed the Exchange regarding a press release dated February 10, 2026, titled ""EICHER MOTORS LTD ANNOUNCES FINANCIAL RESULTS FOR QUARTER ENDED DECEMBER 31, 2025. COMPANY SET TO EXPAND ROYAL ENFIELD MANUFACTURING CAPACITY UPTO 20 LAKH OVER THE NEXT TWO YEARS."".",2026-02-10 17:06:55+05:30
LT,General Updates,https://nsearchives.nseindia.com/corporate/PAM_10022026171434_IntimationLTEnergyOffshoreWindBV.pdf,Larsen & Toubro Limited has informed the Exchange about General Updates,2026-02-10 17:15:01+05:30
EICHERMOT,General Updates,https://nsearchives.nseindia.com/corporate/EICHERMOT_10022026171231_EMLIntimationopeningtradingwindowFebruary102026Signed.pdf,Eicher Motors Limited has informed the Exchange about Intimation of Opening of Trading Window of Eicher Motors Limited,2026-02-10 17:14:06+05:30
TITAN,Outcome of Board Meeting,https://nsearchives.nseindia.com/corporate/TITAN_10022026172026_SEoutcomeofBMQ3.pdf,"Titan Company Limited has informed the Exchange regarding  Board meeting held on February 10, 2026.",2026-02-10 17:20:56+05:30
EICHERMOT,Investor Presentation,https://nsearchives.nseindia.com/corporate/EICHERMOT_10022026173347_EMLInvestorPresentationFebruary102026Signed.pdf,Eicher Motors Limited has informed the Exchange about Investor Presentation,2026-02-10 17:34:57+05:30
TITAN,Investor Presentation,https://nsearchives.nseindia.com/corporate/TITAN_10022026174016_SEinvestorpresentationQ32025-26.pdf,Titan Company Limited has informed the Exchange about Investor Presentation,2026-02-10 17:40:44+05:30
APOLLOHOSP,Outcome of Board Meeting,https://nsearchives.nseindia.com/corporate/APOLLOHOSP_10022026174926_SE_communication_10022026.pdf,"Apollo Hospitals Enterprise Limited has submitted to the Exchange, the financial results for the period ended December 31, 2025.",2026-02-10 17:50:27+05:30
GRASIM,Outcome of Board Meeting,https://nsearchives.nseindia.com/corporate/GRASIM_10022026174958_SEIntimationOutcomeFinal.pdf,Unaudited Financial Results (Standalone & Consolidated) for the quarter and nine months ended 31st December 2025,2026-02-10 17:50:12+05:30
GRASIM,General Updates,https://nsearchives.nseindia.com/corporate/GRASIM_10022026175224_SEIntimationAppointmentofIDFinal.pdf,"Re-Appointment of Mr. V. Chandrasekaran and Mr. Adesh Kumar Gupta, Independent Directors of the Company, for a second term of five consecutive years",2026-02-10 17:52:35+05:30
APOLLOHOSP,Record Date,https://nsearchives.nseindia.com/corporate/APOLLOHOSP_10022026180253_SE_communication_10022026.pdf,Apollo Hospitals Enterprise Limited has informed the Exchange that Record date for the purpose of Interim Dividend  is 16-Feb-2026.,2026-02-10 18:03:11+05:30
GRASIM,Press Release,https://nsearchives.nseindia.com/corporate/GRASIM_10022026180022_SEintimationtFinalPressRelease.pdf,Press release on the Unaudited Financial Results (Standalone & Consolidated) for the quarter and nine months ended 31st December 2025,2026-02-10 18:00:38+05:30
LT,Analysts/Institutional Investor Meet/Con. Call Updates,https://nsearchives.nseindia.com/corporate/PAM_10022026180521_AnalystMeet100226.pdf,Larsen & Toubro Limited has informed the Exchange about Schedule of meet,2026-02-10 18:06:13+05:30
GRASIM,Monitoring Agency Report,https://nsearchives.nseindia.com/corporate/GRASIM_10022026180538_SEintimationMAReportFinal.pdf,Monitoring Agency Report for the quarter ended 31st December 2025,2026-02-10 18:05:49+05:30
APOLLOHOSP,Press Release,https://nsearchives.nseindia.com/corporate/APOLLOHOSP_10022026181122_SE_communication_10022026.pdf,"Apollo Hospitals Enterprise Limited has informed the Exchange regarding a press release dated February 10, 2026, titled ""Apollo Hospitals announces Q3FY26 resultsStrong growth in Revenue and EBITDA across all 3 business verticals,and on a consolidated basis"".",2026-02-10 18:11:34+05:30
AXISBANK,Analysts/Institutional Investor Meet/Con. Call Updates,https://nsearchives.nseindia.com/corporate/AXISBANK1_10022026181821_AnalystPresentationSigned.pdf,Axis Bank Limited has informed the Exchange about Presentation,2026-02-10 18:20:13+05:30
APOLLOHOSP,General Updates,https://nsearchives.nseindia.com/corporate/APOLLOHOSP_10022026182320_SE_Let-Belenus.pdf,Apollo Hospitals Enterprise Limited has informed the Exchange about General Updates,2026-02-10 18:23:30+05:30
APOLLOHOSP,Analysts/Institutional Investor Meet/Con. Call Updates,https://nsearchives.nseindia.com/corporate/APOLLOHOSP_10022026182652_SE-AHEL_Q3FY26_Earnings_Update_10022026.pdf,Apollo Hospitals Enterprise Limited has informed the Exchange about Presentation,2026-02-10 18:27:01+05:30
APOLLOHOSP,Investor Presentation,https://nsearchives.nseindia.com/corporate/APOLLOHOSP_10022026183137_SE-AHEL_Q3FY26_Earnings_Update_10022026.pdf,Apollo Hospitals Enterprise Limited has informed the Exchange about Investor Presentation,2026-02-10 18:32:37+05:30
APOLLOHOSP,Investor Presentation,https://nsearchives.nseindia.com/corporate/APOLLOHOSP_10022026182737_SE-AHEL_Q3FY26_Earnings_Update_10022026.pdf,Apollo Hospitals Enterprise Limited has informed the Exchange about Investor Presentation,2026-02-10 18:27:48+05:30
GRASIM,Investor Presentation,https://nsearchives.nseindia.com/corporate/GRASIM_10022026184109_SEIntimationInvestorsPresentationFinal.pdf,Grasim Industries Limited has informed the Exchange about Investor Presentation,2026-02-10 18:41:19+05:30
SBIN,Strikes/Lockouts/Disturbances,https://nsearchives.nseindia.com/corporate/SBIN_10022026184334_BSE_NSE_Strike_12022026.pdf,State Bank Of India has informed the Exchange about strikes/lockouts/disturbances,2026-02-10 18:44:08+05:30
RELIANCE,Updates,https://nsearchives.nseindia.com/corporate/kavinavora_10022026185559_SE_10022026_1.pdf,"This is further to the disclosure dated February 5, 2026 made by the Company. We wish to inform you that the Company executives participated in the Institutional Investors' Meeting - Nuvama India Conference 2026 and no unpublished price sensitive information was shared/discussed in the said one-on-one meeting.",2026-02-10 18:58:45+05:30
GRASIM,General Updates,https://nsearchives.nseindia.com/corporate/GRASIM_10022026190023_SEintimationGrant.pdf,Grant of Stock Options - Grasim Industries Limited Employee Stock Option and Performance Stock Unit Scheme 2022,2026-02-10 19:00:32+05:30
SBIN,Analysts/Institutional Investor Meet/Con. Call Updates,https://nsearchives.nseindia.com/corporate/SBIN_10022026192413_BSE_NSE_Investor_Outcome_10022026.pdf,State Bank Of India has informed the Exchange about outcome of Analyst Meet,2026-02-10 19:25:18+05:30
AXISBANK,ESOP/ESOS/ESPS,https://nsearchives.nseindia.com/corporate/AXISBANK1_10022026195357_SE10022026_Signed.pdf,Axis Bank Limited has informed the Exchange regarding Allotment of 483153  Shares.,2026-02-10 19:54:54+05:30
EICHERMOT,Analysts/Institutional Investor Meet/Con. Call Updates,https://nsearchives.nseindia.com/corporate/EICHERMOT_10022026205127_EMLAudiorecordingofConferencecallFebruary102026Signed.pdf,Eicher Motors Limited has informed the Exchange about Link of Recording,2026-02-10 20:52:23+05:30
ADANIENT,Copy of Newspaper Publication,https://nsearchives.nseindia.com/corporate/ADANIENT_10022026212133_2ndcallrecorddatenewspaperintimation.pdf,Adani Enterprises Limited has informed the Exchange about Newspaper Publication regarding the record date for the Second and Final Call on partly paid equity shares of the Company.,2026-02-10 21:23:08+05:30
ADANIENT,Acquisition,https://nsearchives.nseindia.com/corporate/kuntal_chandya_adani_com_10022026222735_DP_Jain_Draft_Intimation.pdf,Adani Enterprises Limited has informed the Exchange about Acquisition,2026-02-10 22:31:34+05:30
JIOFIN,Press Release,https://nsearchives.nseindia.com/corporate/JIOFINANCIAL_11022026110322_JFSL.pdf,"Please find attached a media release by the Company, titled  JioFinance app introduces platform for fixed deposits offered by a diverse set of banks and NBFCs.",2026-02-11 11:03:28+05:30
ETERNAL,Shareholders meeting,https://nsearchives.nseindia.com/corporate/ZOMATO_11022026110309_EternalIntimationPostalballotsigned.pdf,Eternal limited has filed with the exchange postal ballot notice,2026-02-11 11:04:04+05:30
BHARTIARTL,Press Release,https://nsearchives.nseindia.com/corporate/BHARTIARTL_11022026110814_BhartiAirtel-Reg30PRfeb11.pdf,"Bharti Airtel Limited has informed the Exchange regarding a press release dated February 11, 2026, titled ""Airtel Launches new AI-powered protection from  fraud caused by OTP leakages "".",2026-02-11 11:08:35+05:30
TITAN,Analysts/Institutional Investor Meet/Con. Call Updates,https://nsearchives.nseindia.com/corporate/TITAN_11022026114718_SEanalystcallrecordingQ3.pdf,Titan Company Limited has informed the Exchange about Analyst Call Recording,2026-02-11 11:47:40+05:30
M&M,Outcome of Board Meeting,https://nsearchives.nseindia.com/corporate/Deepak_11022026115129_SE_Intimation_Outcome_of_Board_Meeting.pdf,"Mahindra & Mahindra Limited has submitted to the Exchange, the financial results for the period ended December 31, 2025.",2026-02-11 11:51:42+05:30
M&M,Press Release,https://nsearchives.nseindia.com/corporate/ferozebaria_11022026115611_SE_Intimation_for_PR_on_Financials.pdf,"Mahindra & Mahindra Limited has informed the Exchange regarding a press release dated February 11, 2026, titled ""Press Release on Unaudited Standalone and Consolidated Financial Results of the Company for the Third Quarter ended 31st December, 2025"".",2026-02-11 11:56:26+05:30
M&M,Outcome of Board Meeting,https://nsearchives.nseindia.com/corporate/Deepak_11022026115402_SE_Intimation_Outcome_of_Board_Meeting.pdf,"Mahindra & Mahindra Limited has informed the Exchange regarding Outcome of Board Meeting held on February 11, 2026.",2026-02-11 11:54:14+05:30
GRASIM,Copy of Newspaper Publication,https://nsearchives.nseindia.com/corporate/GRASIM_11022026124729_SENewpaperAdvertisementFinal.pdf,"Intimation under Regulations 33 and 47 of the SEBI (LODR) Regulations, 2015",2026-02-11 12:47:43+05:30
M&M,General Updates,https://nsearchives.nseindia.com/corporate/NishaMandhana_11022026132157_SEIntimationenclosingPresentationtobemadetoPressAnalyst11thFebruary2026.pdf,Mahindra & Mahindra Limited has informed the Exchange about Investor Presentation being made at the Press/Analyst Meet,2026-02-11 13:22:26+05:30
SBIN,Shareholders meeting,https://nsearchives.nseindia.com/corporate/SBIN_11022026132638_BSE_NSE_NoticeofGM_27032026.pdf,"State Bank Of India has informed the Exchange regarding Notice of Extraordinary General Meeting to be held on March 27, 2026",2026-02-11 13:28:13+05:30
M&M,Investor Presentation,https://nsearchives.nseindia.com/corporate/NishaMandhana_11022026133113_SEIntimationenclosingPresentationtobemade11thFebruary2026.pdf,Mahindra & Mahindra Limited has informed the Exchange about Investor Presentation,2026-02-11 13:31:34+05:30
GRASIM,Analysts/Institutional Investor Meet/Con. Call Updates,https://nsearchives.nseindia.com/corporate/GRASIM_11022026151244_SEIntimationFinal.pdf,Audio Recording - Earnings Call,2026-02-11 15:12:52+05:30
HDFCBANK,Shareholders meeting,https://nsearchives.nseindia.com/corporate/HDFCBANK_11022026153606_SE_Intimation-_Postal_Ballot.pdf,HDFC Bank Limited has informed the Exchange regarding Notice of Postal Ballot,2026-02-11 15:41:55+05:30
TITAN,Copy of Newspaper Publication,https://nsearchives.nseindia.com/corporate/TITAN_11022026155200_SEnewspaperadQ3result.pdf,Titan Company Limited has informed the Exchange about Copy of Newspaper Publicationfor unaudited financial results for the quarter and nine months ended 31st December 2025.,2026-02-11 15:52:21+05:30
HINDALCO,Investor Presentation,https://nsearchives.nseindia.com/corporate/HINDALCOIND_11022026174601_Novelis_Merged_Signed.pdf,Hindalco Industries Limited has informed the Exchange about Investor Presentation,2026-02-11 17:50:37+05:30
HINDALCO,Press Release,https://nsearchives.nseindia.com/corporate/HINDALCOIND_11022026174256_Novelis_Merged_Signed.pdf,"Hindalco Industries Limited has informed the Exchange regarding a press release dated February 11, 2026, titled "" Novelis Reports Third Quarter Fiscal Year 2026 Results"".",2026-02-11 17:43:09+05:30
NESTLEIND,Shareholders meeting,https://nsearchives.nseindia.com/corporate/NESTLEIND1_11022026180910_NestleIndiaNoticeofPostalBallot30012026signed.pdf,Nestle India Limited has informed the Exchange regarding Notice of Postal Ballot,2026-02-11 18:11:40+05:30
HINDALCO,Disruption of Operations,https://nsearchives.nseindia.com/corporate/HINDALCOIND_11022026181619_Reg30_FireIncident_Novelis_Merged_Signed.pdf,Hindalco Industries Limited has informed the Exchange about an update on fire incident at Oswego Plant of Novelis a wholly owned subsidiary,2026-02-11 18:17:24+05:30
HINDALCO,Acquisition,https://nsearchives.nseindia.com/corporate/HINDALCOIND_11022026183905_Reg30_Acquisition_by_SDS_Signed.pdf,"Hindalco Industries Limited has informed the Exchange about Update on Acquisition of AluChem Companies, Inc. by Aditya Holdings LLC a step-down wholly owned subsidiary of the Company",2026-02-11 18:39:22+05:30
M&M,Analysts/Institutional Investor Meet/Con. Call Updates,https://nsearchives.nseindia.com/corporate/NishaMandhana_11022026185511_SEIntimationPostAnalystMeetAVLink11022026.pdf,Mahindra & Mahindra Limited has informed the Exchange about Link of Recording,2026-02-11 18:56:30+05:30
M&M,Copy of Newspaper Publication,https://nsearchives.nseindia.com/corporate/Deepak_11022026190143_SEINTIMATIONSPECIALWINDOWRELODGEMENTNOTICETOSHAREHOLDERS2026.pdf,Mahindra & Mahindra Limited has informed the Exchange about Copy of Newspaper Publication,2026-02-11 19:01:55+05:30
ETERNAL,News Verification,https://nsearchives.nseindia.com/corporate/ZOMATO_11022026190524_NSERumourverificationsigned1.pdf,The Exchange has sought clarification from ETERNAL LIMITED with respect to recent news item captioned Zomato launches AI-powered hotline to simplify delivery partner onboarding.  The response from the Company is attached.,2026-02-11 19:05:39+05:30
BAJAJFINSV,Analysts/Institutional Investor Meet/Con. Call Updates,https://nsearchives.nseindia.com/corporate/walimbelk_11022026192236_BFSCALLTRANSCRIPTQ3FY26.pdf,Bajaj Finserv Limited has informed the Exchange about Transcript,2026-02-11 19:22:47+05:30
RELIANCE,Updates,https://nsearchives.nseindia.com/corporate/kavinavora_11022026192641_SE11022026.pdf,"This is further to the disclosure dated February 6, 2026 made by the Company. We wish to inform you that the Company executives participated in the Institutional Investors' Meeting - Axis Capital Flagship India Conference and no unpublished price sensitive information was shared/discussed in the said one-on-one meeting.",2026-02-11 19:30:48+05:30
AXISBANK,Analysts/Institutional Investor Meet/Con. Call Updates,https://nsearchives.nseindia.com/corporate/AXISBANK1_11022026194256_Analyst_Presentation11022026Signed.pdf,Axis Bank Limited has informed the Exchange about Presentation,2026-02-11 19:44:40+05:30
AXISBANK,Analysts/Institutional Investor Meet/Con. Call Updates,https://nsearchives.nseindia.com/corporate/AXISBANK1_11022026194644_Analyst_ScheduleSigned.pdf,Axis Bank Limited has informed the Exchange about Schedule of meet,2026-02-11 19:50:45+05:30
ADANIENT,Analysts/Institutional Investor Meet/Con. Call Updates,https://nsearchives.nseindia.com/corporate/kuntal_chandya_adani_com_11022026202430_AELIntimation11022026.pdf,"Adani Enterprises Limited has informed the Exchange about Schedule of meet with investors /analysts on February 18 , 2026- February 19 , 2026 in Mumbai",2026-02-11 20:24:56+05:30
ADANIENT,Suspension of Trading,-,"Members of the Exchange are hereby informed that the trading in the partly paid-up equity shares (Series: E1, ISIN: IN9423A01048) of Adani Enterprises Limited shall be suspended w.e.f. February 13, 2026 (i.e., closing hours of trading on February 12, 2026) on account of second and final call money.",2026-02-11 20:39:42+05:30
TMPV,Analysts/Institutional Investor Meet/Con. Call Updates,https://nsearchives.nseindia.com/corporate/TATAMOTORSSJS_11022026205129_NSEBSETRANSCRIPT_signed.pdf,Tata Motors Passenger Vehicles Limited has informed the Exchange about Transcript,2026-02-11 20:51:37+05:30
ICICIBANK,General Updates,https://nsearchives.nseindia.com/corporate/ICICI2022_11022026205922_BSENSE.pdf,"ICICI Bank Limited has informed the Exchange about disclosure under Regulation 30 of the SEBI (Listing Obligations and Disclosure Requirements) Regulations, 2015 - Approval from the RBI to ICICI Prudential Asset  Management Company Limited, along with group entities of ICICI Bank Limited, to acquire shares or voting rights in Banking companies",2026-02-11 21:00:13+05:30
POWERGRID,General Updates,https://nsearchives.nseindia.com/corporate/POWERGRID1_11022026221954_BSENSEReg30LOIdt11022026.pdf,Power Grid Corporation of India Limited has informed the Exchange about POWERGRID declared as successful bidder under TBCB,2026-02-11 22:20:03+05:30
HDFCBANK,Updates,https://nsearchives.nseindia.com/corporate/HDFCBANK_11022026223900_RBIapproval_MajorshareholderICICI.pdf,"HDFC Bank Limited has informed the Exchange regarding Intimation under Securities and Exchange Board of India (Listing Obligations and Disclosure Requirements) Regulations, 2015",2026-02-11 22:43:01+05:30
APOLLOHOSP,Analysts/Institutional Investor Meet/Con. Call Updates,https://nsearchives.nseindia.com/corporate/APOLLOHOSP_12022026094433_SE_audio_recording.pdf,Apollo Hospitals Enterprise Limited has informed the Exchange about Link of Recording,2026-02-12 09:44:42+05:30
M&M,Copy of Newspaper Publication,https://nsearchives.nseindia.com/corporate/ferozebaria_12022026101344_SEIntimationenclosingNewspaperPublication12thFebruary2026.pdf,Mahindra & Mahindra Limited has informed the Exchange about Copy of Newspaper Publication,2026-02-12 10:14:08+05:30
HINDUNILVR,Investor Presentation,https://nsearchives.nseindia.com/corporate/HINDUNILVR_12022026102600_SEIntimationInvestorPresentation12022026SIGNED.pdf,Hindustan Unilever Limited has informed the Exchange about Investor Presentation,2026-02-12 10:27:08+05:30
HINDUNILVR,Diversification/Disinvestment,https://nsearchives.nseindia.com/corporate/HINDUNILVR_12022026101937_SEIntimationMA12022026signed.pdf,Divestment of Stake in Nutritionalab,2026-02-12 10:20:40+05:30
HINDUNILVR,Acquisition,https://nsearchives.nseindia.com/corporate/HINDUNILVR_12022026100904_SEIntimationMA12022026signed.pdf,Hindustan Unilever Limited has informed the Exchange about Acquisition,2026-02-12 10:18:25+05:30
HINDUNILVR,Outcome of Board Meeting,https://nsearchives.nseindia.com/corporate/HINDUNILVR_12022026101802_SEIntimationOutcome12022026signed.pdf,"Hindustan Unilever Limited has informed the Exchange regarding  Board meeting held on February 12, 2026.",2026-02-12 10:18:14+05:30
HINDUNILVR,Outcome of Board Meeting,https://nsearchives.nseindia.com/corporate/HINDUNILVR_12022026103618_SEIntimationOutcome12022026signed.pdf,"Results for the quarter and nine months ended 31st December, 2025 is enclosed",2026-02-12 10:39:59+05:30
ITC,Shareholders meeting,https://nsearchives.nseindia.com/corporate/ITC_12022026105640_SE.pdf,ITC Limited has informed the Exchange regarding Notice of Postal Ballot,2026-02-12 10:56:56+05:30
BAJFINANCE,Issue of Securities,https://nsearchives.nseindia.com/corporate/BAJFINANCE_12022026123224_Reg30_Intimation_of_allotment_of_NCD_290-9.pdf,Bajaj Finance Limited has informed the Exchange about issue of Securities,2026-02-12 12:33:03+05:30
ETERNAL,General Updates,https://nsearchives.nseindia.com/corporate/ZOMATO_12022026131813_Eternalnewspaperadvertisementsigned.pdf,Eternal Limited has filed with the exchange extract of newspaper publications.,2026-02-12 13:20:51+05:30
M&M,Product launch,https://nsearchives.nseindia.com/corporate/ferozebaria_12022026134802_SEIntimationLaunchofUdo12022026.pdf,"Mahindra & Mahindra Limited has informed the Exchange about Product launch by Mahindra Last Mile Mobility Limited, a subsidiary of the Company.",2026-02-12 13:48:16+05:30
INFY,Updates,https://nsearchives.nseindia.com/corporate/Infosys_12022026153113_PR_12022026.pdf,Infosys Limited has informed the Exchange regarding 'Infosys Collaborates with ExxonMobil to Advance Immersion Cooling for Sustainable AI Infrastructure'.,2026-02-12 15:31:28+05:30
DRREDDY,Analysts/Institutional Investor Meet/Con. Call Updates,https://nsearchives.nseindia.com/corporate/DRREDDY_12022026154735_SEIntimation_Investormeet_12022026_signed.pdf,Dr. Reddy's Laboratories Limited has informed the Exchange about Schedule of meet,2026-02-12 15:47:57+05:30
HDFCBANK,Copy of Newspaper Publication,https://nsearchives.nseindia.com/corporate/HDFCBANK_12022026160029_SE_Intimation-_Newspaper_Postal_Ballot.pdf,HDFC Bank Limited has informed the Exchange about Newspaper publication confirming the dispatch of Postal Ballot Notice,2026-02-12 16:06:19+05:30
TCS,Updates,https://nsearchives.nseindia.com/corporate/TCS_CORPCS_12022026160730_PR_12Feb26_signed.pdf,"Tata Consultancy Services Limited has informed the Exchange regarding 'Press Release - TCS hosts AI Hackathon for 10,000 non-engineering students to boost India's AI fluency'.",2026-02-12 16:20:36+05:30
HINDALCO,Outcome of Board Meeting,https://nsearchives.nseindia.com/corporate/HINDALCOIND_12022026165950_BM_Outcome_12022026_merged_signed.pdf,"Hindalco Industries Limited has submitted to the Exchange, the financial results for the period ended December 31, 2025.",2026-02-12 17:06:59+05:30
HINDALCO,Press Release,https://nsearchives.nseindia.com/corporate/HINDALCOIND_12022026170959_Media_release_results_final_signed.pdf,"Hindalco Industries Limited has informed the Exchange regarding a press release dated February 12, 2026, titled ""Hindalco Reports Q3 FY26 Results"".",2026-02-12 17:10:08+05:30
HINDALCO,Outcome of Board Meeting,https://nsearchives.nseindia.com/corporate/HINDALCOIND_12022026170812_BM_Outcome_12022026_merged_signed.pdf,"Hindalco Industries Limited has informed the Exchange regarding  Board meeting held on February 12, 2026.",2026-02-12 17:08:28+05:30
HINDALCO,General Updates,https://nsearchives.nseindia.com/corporate/HINDALCOIND_12022026171538_Intention_to_appoint_Stat_auditor_signed.pdf,Hindalco Industries Limited has informed the Exchange about General Updates,2026-02-12 17:15:52+05:30
HINDALCO,Investor Presentation,https://nsearchives.nseindia.com/corporate/HINDALCOIND_12022026171159_investor_presentation_intimation_final_signed.pdf,Hindalco Industries Limited has informed the Exchange about Investor Presentation,2026-02-12 17:12:17+05:30
SBIN,General Updates,https://nsearchives.nseindia.com/corporate/SBIN_12022026181747_BSE_NSE_GP_12022026.pdf,State Bank of India has informed the Exchange about Gazette Publication for notice of General Meeting,2026-02-12 18:19:28+05:30
COALINDIA,Record Date,https://nsearchives.nseindia.com/corporate/COALINDIA_12022026185439_Dividend.pdf,Coal India Limited has informed the Exchange that Record date for the purpose of Dividend  is 18-Feb-2026.,2026-02-12 18:54:55+05:30
COALINDIA,Outcome of Board Meeting,https://nsearchives.nseindia.com/corporate/COALINDIA_12022026185237_results.pdf,Un-Audited Financial Results of Coal India Limited (Standalone & Consolidated) for the 3rd Quarter and Nine Months ended 31st December  2025 and declaration of 3rd Interim Dividend for FY 2025-26,2026-02-12 18:53:58+05:30
COALINDIA,Dividend,https://nsearchives.nseindia.com/corporate/COALINDIA_12022026185551_Dividend.pdf,"Coal India Limited has informed the Exchange that Board of Directors at its meeting held on February 12, 2026, declared 3rd Interim Dividend of Rs. 5.50 per equity share.",2026-02-12 18:56:51+05:30
COALINDIA,General Updates,https://nsearchives.nseindia.com/corporate/COALINDIA_12022026190314_Presentation.pdf,Presentation made by Company on the Un-Audited Financial Results of Coal India Limited (Standalone & Consolidated) for the 3rd Quarter and Nine Months ended 31st December  2025,2026-02-12 19:03:40+05:30
COALINDIA,General Updates,https://nsearchives.nseindia.com/corporate/COALINDIA_12022026191643_3rd_ID.pdf,Shareholder s Communication on Tax on 3rd Interim Dividend for FY 2025-26,2026-02-12 19:17:03+05:30
M&M,Analysts/Institutional Investor Meet/Con. Call Updates,https://nsearchives.nseindia.com/corporate/NishaMandhana_12022026192105_Concluded12022026.pdf,Mahindra & Mahindra Limited has informed the Exchange about Outcome of Analyst/Investor Meet,2026-02-12 19:21:30+05:30
DRREDDY,Copy of Newspaper Publication,https://nsearchives.nseindia.com/corporate/DRREDDY_12022026193827_Stock_Exchange_Intimation_newspaper_advertisement_1202026.pdf,Dr. Reddy's Laboratories Limited has informed the Exchange about Copy of Newspaper Publication,2026-02-12 19:38:34+05:30
NESTLEIND,General Updates,https://nsearchives.nseindia.com/corporate/NESTLEIND1_12022026194715_NewspaperadvertisementforPostalBallotsigned.pdf,Nestle India Limited has informed the Exchange about Newspaper advertisement regarding dispatch of Notice of Postal Ballot electronically,2026-02-12 19:49:01+05:30
INFY,Copy of Newspaper Publication,https://nsearchives.nseindia.com/corporate/Infosys_12022026201255_SEintimation_Newspaperad_12022026.pdf,Infosys Limited has informed the Exchange about Copy of Newspaper Publication,2026-02-12 20:13:04+05:30
ONGC,Dividend,https://nsearchives.nseindia.com/corporate/ONGC_12022026211909_FINALOUTCOME120226SD.pdf,"Oil & Natural Gas Corporation Limited has informed the Exchange that Board of Directors at its meeting held on February 12, 2026, declared Interim Dividend of Rs. 6.25 per equity share.",2026-02-12 21:27:07+05:30
ONGC,Outcome of Board Meeting,https://nsearchives.nseindia.com/corporate/ONGC_12022026211832_FINALOUTCOME120226SD.pdf,"Oil & Natural Gas Corporation Limited has submitted to the Exchange, the financial results for the period ended December 31, 2025.",2026-02-12 21:27:07+05:30
ONGC,Press Release,https://nsearchives.nseindia.com/corporate/ONGC_12022026215401_PressRelease12022026.pdf,"Oil & Natural Gas Corporation Limited has informed the Exchange regarding a press release dated February 12, 2026, titled ""All-round Q3 surge: ONGC boosts both consolidated and standalone earnings; 2nd interim dividend of &#8377; 6.25 i.e. 125% announced; and ONGC declares highest ever cumulative interim dividend of &#8377; 15,411 crore."".",2026-02-12 21:54:17+05:30
MAXHEALTH,Analysts/Institutional Investor Meet/Con. Call Updates,https://nsearchives.nseindia.com/corporate/MAXHEALTH_12022026222827_SE_Intimation_Earnings_Call_Transcript.pdf,"Max Healthcare Institute Limited has informed the Exchange about Transcript of Earnings Call held on February 6, 2026",2026-02-12 22:29:17+05:30
POWERGRID,Credit Rating,https://nsearchives.nseindia.com/corporate/POWERGRID1_12022026225452_BSENSECrediRating12022026.pdf,Power Grid Corporation of India Limited has informed the Exchange about Credit Rating,2026-02-12 22:55:01+05:30
POWERGRID,Acquisition,https://nsearchives.nseindia.com/corporate/POWERGRID1_12022026225630_BSENSEReg30AcquisitionBDPTL12022026.pdf,Power Grid Corporation of India Limited has informed the Exchange about Acquisition of Bellary Davanagere Power Transmission Limited by POWERGRID under TBCB route.,2026-02-12 22:56:41+05:30
HINDALCO,Analysts/Institutional Investor Meet/Con. Call Updates,https://nsearchives.nseindia.com/corporate/HINDALCOIND_12022026230552_Audio_Recording_Intimation_signed.pdf,Hindalco Industries Limited has informed the Exchange about Link of Recording,2026-02-12 23:06:55+05:30
SBIN,Analysts/Institutional Investor Meet/Con. Call Updates,https://nsearchives.nseindia.com/corporate/SBIN_12022026231636_BSE_NSE_Outcome_12022026.pdf,State Bank Of India has informed the Exchange about outcome of interaction with institutional investor,2026-02-12 23:18:35+05:30
TATASTEEL,Analysts/Institutional Investor Meet/Con. Call Updates,https://nsearchives.nseindia.com/corporate/NIDHIFADNAVIS_12022026233616_BSENSE_signed.pdf,Tata Steel Limited has informed the Exchange about Transcript,2026-02-12 23:39:23+05:30
SHRIRAMFIN,General Updates,https://nsearchives.nseindia.com/corporate/Mathew_13022026092816_BSENSEIntimationunderReg30.pdf,Shriram Finance Limited has informed the Exchange about General Updates,2026-02-13 09:28:32+05:30
HINDUNILVR,Analysts/Institutional Investor Meet/Con. Call Updates,https://nsearchives.nseindia.com/corporate/HINDUNILVR_13022026093949_12022026AudioVideoRecordingofEarningsCallsigned.pdf,"Audio Video recording of the Earnings Conference Call held on 12th February, 2026",2026-02-13 09:40:15+05:30
ICICIBANK,ESOP/ESOS/ESPS,https://nsearchives.nseindia.com/corporate/ICICIBANK1_13022026114816_Lettertoexchange.pdf,ICICI Bank Limited has informed the Exchange regarding Allotment of 936257  Shares.,2026-02-13 11:49:01+05:30
COALINDIA,Copy of Newspaper Publication,https://nsearchives.nseindia.com/corporate/COALINDIA_13022026120929_paper_publication.pdf,Newspaper publication on  Un-Audited Financial Results of Coal India Limited(Standalone & Consolidated) for the 3rd Quarter and Nine Months ended 31stDecember  2025,2026-02-13 12:10:05+05:30
HCLTECH,Updates,https://nsearchives.nseindia.com/corporate/HCLTECH_13022026132445_Release13Feb2026.pdf,HCL Technologies Limited has informed the Exchange regarding 'Release . gHCLTech and Cisco launch AI.powered Fluid Release . gHCLTech and Cisco launch AI.powered Fluid Contact Center solutionh'.,2026-02-13 13:25:39+05:30
HINDUNILVR,General Updates,https://nsearchives.nseindia.com/corporate/HINDUNILVR_13022026140635_SEIntimationKWIL13022026signed.pdf,Material update in connection with the Scheme of Arrangement - Communication received from Kwality Wall's (India) Limited,2026-02-13 14:07:06+05:30
SHRIRAMFIN,General Updates,https://nsearchives.nseindia.com/corporate/Mathew_13022026141415_Draft_BSENSERBIcommunicationFeb13.pdf,Shriram Finance Limited has informed the Exchange about General Updates,2026-02-13 14:16:13+05:30
HINDUNILVR,Acquisition,https://nsearchives.nseindia.com/corporate/HINDUNILVR_13022026141643_SEIntimationAcquisitionZywiesigned.pdf,Update on acquisition of shares of Zywie Ventures Private Limited,2026-02-13 14:17:36+05:30
INDIGO,Action(s) taken or orders passed,https://nsearchives.nseindia.com/corporate/Indigo1_13022026152229_SE_Tax_Disclosure_13022026.pdf,InterGlobe Aviation Limited has informed the Exchange about Action(s) taken or orders passed,2026-02-13 15:23:22+05:30
SBIN,Copy of Newspaper Publication,https://nsearchives.nseindia.com/corporate/SBIN_13022026154227_BSE_NSE_GMNotice_Newspaper_13022026.pdf,State Bank of India has informed the Exchange about Newspaper Publication regarding Notice of General Meeting,2026-02-13 15:44:37+05:30
SBIN,Analysts/Institutional Investor Meet/Con. Call Updates,https://nsearchives.nseindia.com/corporate/SBIN_13022026154742_BSE_NSE_InvestorTranscript_13022026.pdf,State Bank Of India has informed the Exchange about Transcript,2026-02-13 15:48:32+05:30
ITC,Copy of Newspaper Publication,https://nsearchives.nseindia.com/corporate/ITC_13022026162357_SEIntimation.pdf,ITC Limited has informed the Exchange about Copy of Newspaper Publication,2026-02-13 16:24:31+05:30
GRASIM,Analysts/Institutional Investor Meet/Con. Call Updates,https://nsearchives.nseindia.com/corporate/GRASIM_13022026172025_SEIntimationTranscriptFinalsigned.pdf,Transcript of Conference Call on the Unaudited Financial Results (Standalone & Consolidated) for the quarter and nine months ended 31st December 2025,2026-02-13 17:20:33+05:30
BHARTIARTL,General Updates,https://nsearchives.nseindia.com/corporate/BHARTIARTL_13022026173149_STX_intimation_CallNotice.pdf,Notice for Payment of First and Final Call on partly paid-up equity shares of Bharti Airtel Limited,2026-02-13 17:32:08+05:30
SHRIRAMFIN,"Certificate under SEBI (Depositories and Participants) Regulations, 2018",https://nsearchives.nseindia.com/corporate/Mathew_13022026175048_BSENSE_13022026.pdf,"Shriram Finance Limited has informed the Exchange about Certificate under SEBI (Depositories and Participants) Regulations, 2018",2026-02-13 17:50:59+05:30
SHRIRAMFIN,Credit Rating- New,https://nsearchives.nseindia.com/corporate/Mathew_13022026180028_BSENSEIntimationofCreditRatingCARE1302026.pdf,Shriram Finance Limited has informed the Exchange about new credit  ratings assigned to the Company s Long-Term/Short-Term Bank Facilities and Non-Convertible Debentures by CARE Ratings Limited,2026-02-13 18:00:49+05:30
AXISBANK,Analysts/Institutional Investor Meet/Con. Call Updates,https://nsearchives.nseindia.com/corporate/AXISBANK1_13022026180717_AdavanceIntimationSigned.pdf,Axis Bank Limited has informed the Exchange about Schedule of meet,2026-02-13 18:08:53+05:30
ADANIENT,Incorporation,https://nsearchives.nseindia.com/corporate/nishant_joshi_adani_com_13022026180704_AELintimationACX.pdf,"Adani Enterprises Limited has informed the Exchange about Incorporation of Navi Mumbai Power Distribution Limited, by AdaniConneX Private Limited a joint venture of the Company.",2026-02-13 18:07:21+05:30
BHARTIARTL,Analysts/Institutional Investor Meet/Con. Call Updates,https://nsearchives.nseindia.com/corporate/BHARTIARTL_13022026181938_AirtelEarningCallTranscript.pdf,Bharti Airtel Limited has informed the Exchange about Transcript,2026-02-13 18:20:40+05:30
TITAN,Analysts/Institutional Investor Meet/Con. Call Updates,https://nsearchives.nseindia.com/corporate/TITAN_13022026214102_SEtranscriptQ3.pdf,Titan Company Limited has informed the Exchange about Earnings Call Transcripts,2026-02-13 21:41:27+05:30
ONGC,Analysts/Institutional Investor Meet/Con. Call Updates,https://nsearchives.nseindia.com/corporate/ONGC_13022026183324_recording13022026.pdf,Oil & Natural Gas Corporation Limited has informed the Exchange about Link of Recording,2026-02-13 18:34:01+05:30
INFY,General Updates,https://nsearchives.nseindia.com/corporate/Infosys_13022026225816_SE_Filing_Reg30_13022026.pdf,Disclosure Under Regulation 30 Of SEBI LODR Regulations,2026-02-13 22:58:50+05:30
ADANIENT,Acquisition,https://nsearchives.nseindia.com/corporate/ADANIENT_13022026233501_Closing_intimation_Indamer.pdf,Adani Enterprises Limited has informed the Exchange about Completion of acquisition of 100% stake in Indamer Technics Private Limited by the step-down subsidiary of the Company,2026-02-13 23:35:10+05:30
COALINDIA,Copy of Newspaper Publication,https://nsearchives.nseindia.com/corporate/COALINDIA_16022026114652_Newspaper_publication_on_Tax.pdf,Newspaper Publication of Tax on 3rd Interim Dividend for FY 2025-26,2026-02-16 11:47:01+05:30
LT,Updates,https://nsearchives.nseindia.com/corporate/PAM_16022026115205_NABHAIntimation16022026.pdf,"Larsen & Toubro Limited has informed the Exchange regarding 'Intimation of Execution of Securities Purchase Agreement to divest Nabha Power Limited, a  wholly owned subsidiary of the Company'.",2026-02-16 11:52:26+05:30
TCS,Updates,https://nsearchives.nseindia.com/corporate/TCS_CORPCS_16022026121739_PR_16Feb26_signed.pdf,Tata Consultancy Services Limited has informed the Exchange regarding 'Press Release - TCS and AMD to bring state-of-the-art 'Helios' rack-scale AI architecture to India'.,2026-02-16 12:25:05+05:30
JSWSTEEL,Analysts/Institutional Investor Meet/Con. Call Updates,https://nsearchives.nseindia.com/corporate/jessydenny_16022026124020_analyst_meet.pdf,JSW Steel Limited has informed the Exchange about Schedule of meet,2026-02-16 12:40:35+05:30
COALINDIA,Press Release,https://nsearchives.nseindia.com/corporate/COALINDIA_16022026123936_Press_Release.pdf,Press Release on  CIL s Capex on Solar at Rs.961 Crores till Jan FY 26 logs 2.33X growth,2026-02-16 12:40:04+05:30
EICHERMOT,Analysts/Institutional Investor Meet/Con. Call Updates,https://nsearchives.nseindia.com/corporate/EICHERMOT_16022026144800_EMLTranscriptofConferenceCall16022026Signed.pdf,Eicher Motors Limited has informed the Exchange about Transcript,2026-02-16 14:48:27+05:30
ICICIBANK,Copy of Newspaper Publication,https://nsearchives.nseindia.com/corporate/ICICIBANK1_16022026145449_Stock_Exchange_disclosure_on_special_window.pdf,ICICI Bank Limited has informed the Exchange about Copy of Newspaper Publication,2026-02-16 14:55:52+05:30
KOTAKBANK,General Updates,https://nsearchives.nseindia.com/corporate/Kotakmahindrabank_16022026163056_SEIntimationInterestPayment16022026.pdf,Kotak Mahindra Bank Limited has informed the Exchange about Confirmation of payment of Interest to the Bondholders,2026-02-16 16:31:22+05:30
HDFCBANK,Analysts/Institutional Investor Meet/Con. Call Updates,https://nsearchives.nseindia.com/corporate/HDFCBANK_16022026163828_Analystmeetintimation_16022026.pdf,HDFC Bank Limited has informed the Exchange about Schedule of meet,2026-02-16 16:38:51+05:30
TECHM,Analysts/Institutional Investor Meet/Con. Call Updates,https://nsearchives.nseindia.com/corporate/Apekshakhemka_16022026171225_IntimationInvetsorconference_S.pdf,Tech Mahindra Limited has informed the Exchange about Schedule of meet,2026-02-16 17:12:43+05:30
TECHM,Analysts/Institutional Investor Meet/Con. Call Updates,https://nsearchives.nseindia.com/corporate/Apekshakhemka_16022026171057_IntimationInvetsorconference_S.pdf,Tech Mahindra Limited has informed the Exchange about Schedule of meet,2026-02-16 17:11:23+05:30
NTPC,Updates,https://nsearchives.nseindia.com/corporate/NTPC_16022026171722_20260216_COMMISSIONINGNSPL.pdf,NTPC Limited has informed the Exchange regarding ' Declaration of Commercial Operation of additional 5 MW capacity of Maroda reservoir-I solar power project of NSPCL'.,2026-02-16 17:17:33+05:30
RELIANCE,Updates,https://nsearchives.nseindia.com/corporate/kavinavora_16022026182148_SE_16022026.pdf,"Please find attached a media release by Reliance Consumer Products Limited, a subsidiary of the Company, titled  RELIANCE CONSUMER PRODUCTS PARTNERS WITH NIGERIA S LEADING BUSINESS TGI GROUP.",2026-02-16 18:21:56+05:30
M&M,Updates,https://nsearchives.nseindia.com/corporate/Deepak_16022026190300_Employeeslist16022026.pdf,Mahindra & Mahindra Limited has informed the Exchange regarding 'Transfer of Equity Shares by Mahindra & Mahindra Employees  Stock Option Trust to the Stock Option Grantees'.,2026-02-16 19:03:10+05:30
ADANIENT,Incorporation,https://nsearchives.nseindia.com/corporate/nishant_joshi_adani_com_16022026191617_AELintimationACX_NMPTL.pdf,Adani Enterprises Limited has informed the Exchange about Incorporation,2026-02-16 19:16:27+05:30
ADANIPORTS,Analysts/Institutional Investor Meet/Con. Call Updates,https://nsearchives.nseindia.com/corporate/rkbhagia_16022026214003_Investormeetintimation.pdf,Adani Ports and Special Economic Zone Limited has informed the Exchange about Schedule of meet,2026-02-16 21:40:14+05:30
ADANIPORTS,Updates,https://nsearchives.nseindia.com/corporate/rkbhagia_16022026214405_Incorporationintimation.pdf,Adani Ports and Special Economic Zone Limited has informed the Exchange regarding 'Incorporation of step-down subsidiaries.'.,2026-02-16 21:44:18+05:30
AXISBANK,Analysts/Institutional Investor Meet/Con. Call Updates,https://nsearchives.nseindia.com/corporate/AXISBANK1_16022026222244_Analyst_PresentationSigned.pdf,Axis Bank Limited has informed the Exchange about Presentation,2026-02-16 22:24:18+05:30
INFY,Updates,https://nsearchives.nseindia.com/corporate/Infosys_17022026092732_PR_17022026.pdf,"Infosys Limited has informed the Exchange regarding 'Infosys and Anthropic Announce Collaboration to Unlock AI Value across Complex, Regulated Industries'.",2026-02-17 09:27:55+05:30
INFY,Updates,https://nsearchives.nseindia.com/corporate/Infosys_17022026111455_SEfiling_InvestorAIday.pdf,Infosys Limited has informed the Exchange regarding 'Investor AI day   Agenda & Presentation'.,2026-02-17 11:15:04+05:30
ICICIBANK,ESOP/ESOS/ESPS,https://nsearchives.nseindia.com/corporate/ICICIBANK1_17022026113032_Lettertoexchange.pdf,ICICI Bank Limited has informed the Exchange regarding Allotment of 861046  Shares.,2026-02-17 11:30:46+05:30
TATACONSUM,Analysts/Institutional Investor Meet/Con. Call Updates,https://nsearchives.nseindia.com/corporate/Sukhvinder_17022026122447_TCPL_Analystmeeting.pdf,TATA CONSUMER PRODUCTS LIMITED has informed the Exchange about Schedule of meet,2026-02-17 12:25:50+05:30
ADANIENT,Press Release,https://nsearchives.nseindia.com/corporate/nishant_joshi_adani_com_17022026122704_AELIntimationforMediaRelease17022026.pdf,"Adani Enterprises Limited has informed the Exchange regarding a press release dated February 17, 2026, titled   Adani Commits USD 100 Bn to Sovereign AI Infrastructure"".",2026-02-17 12:27:12+05:30
HCLTECH,Updates,https://nsearchives.nseindia.com/corporate/HCLTECH_17022026123828_InvestorConference17Feb2026.pdf,HCL Technologies Limited has informed the Exchange regarding 'Intimation of Participation by the Company in the Investor Conference'.,2026-02-17 12:38:35+05:30
ICICIBANK,General Updates,https://nsearchives.nseindia.com/corporate/ICICI2022_17022026124624_BSENSE.pdf,"ICICI Bank Limited has informed the Exchange about disclosure under Regulation 30 read with para A of Schedule III and Regulation 46(2) of the SEBI (Listing Obligations and Disclosure Requirements) Regulations, 2015",2026-02-17 12:47:23+05:30
KOTAKBANK,Analysts/Institutional Investor Meet/Con. Call Updates,https://nsearchives.nseindia.com/corporate/Kotakmahindrabank_17022026125621_InvestormeetintimationFeb172026.pdf,Kotak Mahindra Bank Limited has informed the Exchange about Schedule of meet,2026-02-17 12:56:30+05:30
KOTAKBANK,Analysts/Institutional Investor Meet/Con. Call Updates,https://nsearchives.nseindia.com/corporate/Kotakmahindrabank_17022026130359_InvestormeetintimationFeb172026.pdf,Kotak Mahindra Bank Limited has informed the Exchange about Schedule of meet,2026-02-17 13:04:08+05:30
JIOFIN,Change in Management,https://nsearchives.nseindia.com/corporate/JIOFIN_17022026132959_JFSL.pdf,Jio Financial Services Limited has informed the Exchange about change in Management,2026-02-17 13:30:32+05:30
BHARTIARTL,Action(s) taken or orders passed,https://nsearchives.nseindia.com/corporate/BHARTIARTL_17022026142012_Bharti_Airtel_-_Reg_30_disclosure.pdf,Bharti Airtel Limited has informed the Exchange about Action(s) taken or orders passed,2026-02-17 14:20:55+05:30
MARUTI,General Updates,https://nsearchives.nseindia.com/corporate/MARUTIASHISH_17022026142510_Press_Release_India_Goes_Electric_with_Maruti_Suzuki_e_VITARA_final.pdf,Maruti Suzuki India Limited has informed the Exchange about India Goes Electric with Maruti Suzuki e VITARA,2026-02-17 14:26:39+05:30
M&M,Analysts/Institutional Investor Meet/Con. Call Updates,https://nsearchives.nseindia.com/corporate/NishaMandhana_17022026144818_SEIntimationregardingTranscriptofAnalystMeet11022026.pdf,Mahindra & Mahindra Limited has informed the Exchange about Transcript,2026-02-17 14:49:18+05:30
SHRIRAMFIN,Credit Rating,https://nsearchives.nseindia.com/corporate/Mathew_17022026145258_BSENSEIntimationofCreditRatingCARE170226.pdf,Shriram Finance Limited has informed the Exchange about Credit Rating,2026-02-17 14:53:08+05:30
DRREDDY,Updates,https://nsearchives.nseindia.com/corporate/DRREDDY_17022026155827_SE_Intimation_Allotment_of_ESOP_17022026.pdf,Dr. Reddy's Laboratories Limited has informed the Exchange regarding 'Allotment of Employee Stock Options'.,2026-02-17 15:58:36+05:30
TECHM,Allotment of Securities,https://nsearchives.nseindia.com/corporate/Apekshakhemka_17022026161028_ESOP_allotment_Intimation_1_S.pdf,"Tech Mahindra Limited has informed the Exchange regarding allotment of 36646 securities pursuant to ESOP/ESPS at its meeting held on February 17, 2026",2026-02-17 16:10:47+05:30
BHARTIARTL,General Updates,https://nsearchives.nseindia.com/corporate/BHARTIARTL_17022026160126_Bharti_Airtel_-_AML_NBFC_License_disclosure.pdf,Bharti Airtel Limited has informed the Exchange about General Updates,2026-02-17 16:07:48+05:30
M&M,Analysts/Institutional Investor Meet/Con. Call Updates,https://nsearchives.nseindia.com/corporate/NishaMandhana_17022026163927_UpcomingAnalystMeet24022026.pdf,Mahindra & Mahindra Limited has informed the Exchange about Schedule of meet,2026-02-17 16:39:42+05:30
NTPC,Credit Rating,https://nsearchives.nseindia.com/corporate/NTPC_17022026174609_20260217_STEX_CREDITRATING.pdf,NTPC Limited has informed the Exchange about Credit Rating,2026-02-17 17:46:20+05:30
INFY,Updates,https://nsearchives.nseindia.com/corporate/Infosys_17022026175524_PR_17022026_2.pdf,Infosys Limited has informed the Exchange regarding 'Infosys Unveils AI First Value Framework: Uniquely Positioned to Capture New AI Services Opportunity of Over $300 Billion'.,2026-02-17 17:55:58+05:30
SBILIFE,Allotment of Securities,https://nsearchives.nseindia.com/corporate/SBILIFE_17022026181055_SE_17022026_signed.pdf,"SBI Life Insurance Company Limited has informed the Exchange regarding Allotment of 186958 Equity Shares pursuant to ESOP through circular resolution of the Board Stakeholders' Relationship and Sustainability Committee passed on February 17, 2026.",2026-02-17 18:11:21+05:30
SBIN,Analysts/Institutional Investor Meet/Con. Call Updates,https://nsearchives.nseindia.com/corporate/SBIN1_17022026183430_BSE_NSE_InvestorMeet_Intimation_17022026dsc.pdf,State Bank Of India has informed the Exchange about Schedule of meeting with the analyst / investors,2026-02-17 18:37:29+05:30
SBIN,Analysts/Institutional Investor Meet/Con. Call Updates,https://nsearchives.nseindia.com/corporate/SBIN1_17022026183611_BSE_NSE_InvestorMeet_Intimation_17022026dsc.pdf,State Bank Of India has informed the Exchange about Schedule of meeting with the analyst / investors,2026-02-17 18:37:29+05:30
BAJAJFINSV,ESOP/ESOS/ESPS,https://nsearchives.nseindia.com/corporate/walimbelk_17022026183603_BFS_ESOP_Intimation.pdf,Bajaj Finserv Limited has informed the Exchange regarding Allotment of 2736768  Shares.,2026-02-17 18:36:31+05:30
ADANIENT,Acquisition,https://nsearchives.nseindia.com/corporate/ADANIENT_17022026184759_Acquisition_by_ARTL_SreeVishwaVaradhi.pdf,Adani Enterprises Limited has informed the Exchange about Acquisition of 49% stake in Sree Vishwa Varadhi Private Limited by wholly owned subsidiary of the Company,2026-02-17 18:48:21+05:30
ADANIENT,Copy of Newspaper Publication,https://nsearchives.nseindia.com/corporate/ADANIENT_17022026185712_Intimation_NewspaperAd_call_notice_dispatch.pdf,Adani Enterprises Limited has informed the Exchange about Copy of Newspaper Publication regarding the notice for payment of outstanding first call money (if any) and second and final call,2026-02-17 18:57:21+05:30
KOTAKBANK,Appointment,https://nsearchives.nseindia.com/corporate/KMBLTAB_17022026190412_KMBLIntimationFeb2026.pdf,"Kotak Mahindra Bank Limited has informed the Exchange regarding Appointment of  Mr. Ramesh Iyer as Independent of the company w.e.f. February 17, 2026.",2026-02-17 19:06:37+05:30
KOTAKBANK,Cessation,https://nsearchives.nseindia.com/corporate/KMBLTAB_17022026191005_KMBLIntimationFeb2026.pdf,"Kotak Mahindra Bank Limited has informed the Exchange regarding Cessation of Mr Ashok Gulati as Independent Director of the company w.e.f. March 05, 2026.",2026-02-17 19:10:49+05:30
CIPLA,Analysts/Institutional Investor Meet/Con. Call Updates,https://nsearchives.nseindia.com/corporate/CIPLA_17022026192051_InvestorMeetingAxisCapital__002_.pdf,Cipla Limited has informed the Exchange about Schedule of meet,2026-02-17 19:24:24+05:30
AXISBANK,Analysts/Institutional Investor Meet/Con. Call Updates,https://nsearchives.nseindia.com/corporate/AXISBANK1_17022026192432_AnalystPresentation17022026Signed.pdf,Axis Bank Limited has informed the Exchange about Presentation,2026-02-17 19:27:41+05:30
HCLTECH,Updates,https://nsearchives.nseindia.com/corporate/HCLTECH_17022026193120_Release17Feb2026.pdf,HCL Technologies Limited has informed the Exchange regarding 'Release    HCLTech named in Forbes Canada s Best Employers 2026 list  '.,2026-02-17 19:31:33+05:30
KOTAKBANK,Analysts/Institutional Investor Meet/Con. Call Updates,https://nsearchives.nseindia.com/corporate/Kotakmahindrabank_17022026194611_InvestormeetintimationFeb172026.pdf,Kotak Mahindra Bank Limited has informed the Exchange about Schedule of meet,2026-02-17 19:46:21+05:30
JIOFIN,Incorporation,https://nsearchives.nseindia.com/corporate/JIOFINANCIAL_17022026200005_JFSLDISCLOSURE.pdf,Initial subscription in Jio Alternative Investment Manager Limited,2026-02-17 20:00:32+05:30
SHRIRAMFIN,Credit Rating- New,https://nsearchives.nseindia.com/corporate/Mathew_17022026204122_BSENSECreditRatingIndiaRatings170226.pdf,Shriram Finance Limited has informed the Exchange about Credit Rating- New,2026-02-17 20:41:35+05:30
AXISBANK,ESOP/ESOS/ESPS,https://nsearchives.nseindia.com/corporate/AXISBANK_17022026212516_SE17022026_Signed.pdf,Axis Bank Limited has informed the Exchange regarding Allotment of 298189  Shares.,2026-02-17 21:26:46+05:30
ADANIPORTS,Updates,https://nsearchives.nseindia.com/corporate/rkbhagia_18022026102258_SEIntimation18022026.pdf,Adani Ports and Special Economic Zone Limited has informed the Exchange regarding 'Media Release'.,2026-02-18 10:23:04+05:30
BHARTIARTL,Action(s) taken or orders passed,https://nsearchives.nseindia.com/corporate/BHARTIARTL_18022026113536_Bharti_Airtel_-_Reg_30_disclosure.pdf,Bharti Airtel Limited has informed the Exchange about Action(s) taken or orders passed,2026-02-18 11:36:37+05:30
HINDALCO,Analysts/Institutional Investor Meet/Con. Call Updates,https://nsearchives.nseindia.com/corporate/HINDALCOIND_18022026124409_Q3FY26_Transcript_signed.pdf,Hindalco Industries Limited has informed the Exchange about Transcript,2026-02-18 12:44:35+05:30
LT,Press Release,https://nsearchives.nseindia.com/corporate/PAM_18022026131357_PressRelease18022026.pdf,"Larsen & Toubro Limited has informed the Exchange regarding a press release dated February 18, 2026, titled ""L&T Teaming with NVIDIA to Build India s Largest Gigawatt-Scale AI Factory"".",2026-02-18 13:14:28+05:30
ITC,Copy of Newspaper Publication,https://nsearchives.nseindia.com/corporate/ITC_18022026143926_SEIntimation.pdf,ITC Limited has informed the Exchange about Copy of Newspaper Publication,2026-02-18 14:41:17+05:30
ASIANPAINT,Analysts/Institutional Investor Meet/Con. Call Updates,https://nsearchives.nseindia.com/corporate/ASIANPAINT_18022026145632_SEINTIMATIONANALYSTMEETFEB2026.pdf,The Company through its representatives will be participating in the following meeting/conferences as per enclosed letter.,2026-02-18 14:57:42+05:30
EICHERMOT,Copy of Newspaper Publication,https://nsearchives.nseindia.com/corporate/EICHERMOT_18022026150133_EMLSPECIALWINDOW18022026Signed.pdf,Eicher Motors Limited has informed the Exchange about Copy of Newspaper Publication regarding Ease of Doing Investment  Special Window for Transfer and Dematerialisation of Physical Securities,2026-02-18 15:01:50+05:30
BEL,Trading Window,https://nsearchives.nseindia.com/corporate/BEL_18022026153625_TWC_Letter_Signed.pdf,"Bharat Electronics Limited has informed the Exchange regarding the Trading Window closure pursuant to SEBI (Prohibition of Insider Trading) Regulations, 2015",2026-02-18 15:38:48+05:30
NTPC,Updates,https://nsearchives.nseindia.com/corporate/NTPC_18022026155759_20260218_WAIVEROFFINE.pdf,"NTPC Limited has informed the Exchange regarding 'Intimation regarding waiver of fine levied under of SEBI (LODR) Regulations, 2015'.",2026-02-18 15:58:10+05:30
WIPRO,Updates,https://nsearchives.nseindia.com/corporate/Cslogin_18022026165807_SE.pdf,"Wipro Limited has informed the Exchange regarding Allotment of 34,300 equity shares under ADS Restricted Stock Unit Plan 2004 and 1,02,619 equity shares under the Restricted Stock Unit Plan 2007 on February 17, 2026, pursuant to exercise of ESOPs.",2026-02-18 17:00:32+05:30
TMPV,ESOP/ESOS/ESPS,https://nsearchives.nseindia.com/corporate/TATAMOTORSSJS_18022026173826_NSEBSEESOP.pdf,"Tata Motors Passenger Vehicles Limited has informed the Exchange regarding Allotment of 46,190 Ordinary/Equity Shares.",2026-02-18 17:39:47+05:30
AXISBANK,Analysts/Institutional Investor Meet/Con. Call Updates,https://nsearchives.nseindia.com/corporate/AXISBANK1_18022026180523_AnalystPresentation18022026Signed.pdf,Axis Bank Limited has informed the Exchange about Schedule of meet,2026-02-18 18:07:03+05:30
HINDALCO,Analysts/Institutional Investor Meet/Con. Call Updates,https://nsearchives.nseindia.com/corporate/HINDALCOIND_18022026182414_Investor_Meet_Intimation_Kotak_signed.pdf,Hindalco Industries Limited has informed the Exchange about Schedule of meet,2026-02-18 18:24:43+05:30
SHRIRAMFIN,Analysts/Institutional Investor Meet/Con. Call Updates,https://nsearchives.nseindia.com/corporate/Mathew_18022026182618_BSENSE_AnalystMeet18022026_1.pdf,Shriram Finance Limited has informed the Exchange about Schedule of meet,2026-02-18 18:26:32+05:30
SHRIRAMFIN,Analysts/Institutional Investor Meet/Con. Call Updates,https://nsearchives.nseindia.com/corporate/Mathew_18022026182530_BSENSE_AnalystMeet18022026_1.pdf,Shriram Finance Limited has informed the Exchange about Schedule of meet,2026-02-18 18:26:32+05:30
SHRIRAMFIN,Analysts/Institutional Investor Meet/Con. Call Updates,https://nsearchives.nseindia.com/corporate/Mathew_18022026182440_BSENSE_AnalystMeet18022026_1.pdf,Shriram Finance Limited has informed the Exchange about Schedule of meet,2026-02-18 18:26:32+05:30
SHRIRAMFIN,Analysts/Institutional Investor Meet/Con. Call Updates,https://nsearchives.nseindia.com/corporate/Mathew_18022026182348_BSENSE_AnalystMeet18022026_1.pdf,Shriram Finance Limited has informed the Exchange about Schedule of meet,2026-02-18 18:26:32+05:30
SHRIRAMFIN,Analysts/Institutional Investor Meet/Con. Call Updates,https://nsearchives.nseindia.com/corporate/Mathew_18022026182245_BSENSE_AnalystMeet18022026_1.pdf,Shriram Finance Limited has informed the Exchange about Schedule of meet,2026-02-18 18:26:32+05:30
SHRIRAMFIN,Analysts/Institutional Investor Meet/Con. Call Updates,https://nsearchives.nseindia.com/corporate/Mathew_18022026182055_BSENSE_AnalystMeet18022026_1.pdf,Shriram Finance Limited has informed the Exchange about Schedule of meet,2026-02-18 18:26:32+05:30
SHRIRAMFIN,Analysts/Institutional Investor Meet/Con. Call Updates,https://nsearchives.nseindia.com/corporate/Mathew_18022026182147_BSENSE_AnalystMeet18022026_1.pdf,Shriram Finance Limited has informed the Exchange about Schedule of meet,2026-02-18 18:26:32+05:30
SHRIRAMFIN,Analysts/Institutional Investor Meet/Con. Call Updates,https://nsearchives.nseindia.com/corporate/Mathew_18022026183214_BSENSE_AnalystMeet18022026_2.pdf,Shriram Finance Limited has informed the Exchange about Schedule of meet,2026-02-18 18:32:26+05:30
SHRIRAMFIN,Analysts/Institutional Investor Meet/Con. Call Updates,https://nsearchives.nseindia.com/corporate/Mathew_18022026183019_BSENSE_AnalystMeet18022026_2.pdf,Shriram Finance Limited has informed the Exchange about Schedule of meet,2026-02-18 18:32:26+05:30
SHRIRAMFIN,Analysts/Institutional Investor Meet/Con. Call Updates,https://nsearchives.nseindia.com/corporate/Mathew_18022026183115_BSENSE_AnalystMeet18022026_2.pdf,Shriram Finance Limited has informed the Exchange about Schedule of meet,2026-02-18 18:32:26+05:30
GRASIM,Analysts/Institutional Investor Meet/Con. Call Updates,https://nsearchives.nseindia.com/corporate/GRASIM_18022026184456_SEIntimationInvestorsmeetsigned.pdf,Intimation of schedule of Analysts / Institutional Investor Meet,2026-02-18 18:45:17+05:30
BHARTIARTL,Analysts/Institutional Investor Meet/Con. Call Updates,https://nsearchives.nseindia.com/corporate/BHARTIARTL_18022026190918_Bharti_Airtel_-_Investor_Meet_STX_Intimation.pdf,Bharti Airtel Limited has informed the Exchange about Schedule of meet,2026-02-18 19:10:21+05:30
HINDUNILVR,Outcome of Board Meeting,https://nsearchives.nseindia.com/corporate/HINDUNILVR_18022026191133_SEIntimationOutcomeofBoardMeeting18022026signed.pdf,"Hindustan Unilever Limited has informed the Exchange regarding Outcome of Board Meeting held on February 18, 2026.",2026-02-18 19:11:57+05:30
BHARTIARTL,Action(s) taken or orders passed,https://nsearchives.nseindia.com/corporate/BHARTIARTL_18022026192229_Bharti_Airtel_-_Reg_30_disclosure.pdf,Bharti Airtel Limited has informed the Exchange about Action(s) taken or orders passed,2026-02-18 19:24:28+05:30
RELIANCE,Analysts/Institutional Investor Meet/Con. Call Updates,https://nsearchives.nseindia.com/corporate/kavinavora_18022026193411_SE_18022026.pdf,"Please note that the Company executives will be participating in the Institutional Investors' Meeting - Kotak Chasing Growth 2026 Investor Conference, scheduled to be held on February 23, 2026 at Mumbai. It is expected that the meeting with the investors will be on one-on-one basis.",2026-02-18 19:34:23+05:30
DRREDDY,Press Release,https://nsearchives.nseindia.com/corporate/DRREDDY_18022026194041_DRLSEintimation_18022026.pdf,"Dr. Reddy's Laboratories Limited has informed the Exchange regarding a press release dated February 18, 2026, titled ""Dr. Reddy's forays into Hormone Replacement Therapy segment with acquisition of Progynova® and Cyclo- Progynova® in India"".",2026-02-18 19:45:47+05:30
ONGC,Analysts/Institutional Investor Meet/Con. Call Updates,https://nsearchives.nseindia.com/corporate/ONGC_18022026201706_investormeet23022026.pdf,Oil & Natural Gas Corporation Limited has informed the Exchange about Schedule of meet,2026-02-18 20:17:41+05:30
AXISBANK,Analysts/Institutional Investor Meet/Con. Call Updates,https://nsearchives.nseindia.com/corporate/AXISBANK1_18022026210509_SchedulePresentation18022026Signed.pdf,Axis Bank Limited has informed the Exchange about Presentation,2026-02-18 21:05:16+05:30
TCS,Updates,https://nsearchives.nseindia.com/corporate/TCS_CORPCS_19022026081906_PR_19Feb26_signed.pdf,Tata Consultancy Services Limited has informed the Exchange regarding 'Press Release - TATA Group and OpenAI forge foundational partnership to advance AI transformation in India and globally'.,2026-02-19 08:20:10+05:30
ULTRACEMCO,Analysts/Institutional Investor Meet/Con. Call Updates,https://nsearchives.nseindia.com/corporate/ULTRACEMCO1_19022026123943_Investor_Meet_SE_letter_Kotak.pdf,UltraTech Cement Limited has informed the Exchange about Schedule of meet,2026-02-19 12:41:22+05:30
ULTRACEMCO,Analysts/Institutional Investor Meet/Con. Call Updates,https://nsearchives.nseindia.com/corporate/ULTRACEMCO1_19022026124103_Investor_Meet_SE_letter_CA100.pdf,UltraTech Cement Limited has informed the Exchange about Schedule of meet,2026-02-19 12:41:22+05:30
M&M,Press Release,https://nsearchives.nseindia.com/corporate/ferozebaria_19022026141307_SEIntimationFebruary2026PR.pdf,"Mahindra & Mahindra Limited has informed the Exchange regarding a press release dated February 19, 2026, titled ""Embraer and Mahindra Group Advance Localization Strategy in India with Planned C-390 Millennium MRO Capability"".",2026-02-19 14:13:20+05:30
TRENT,Analysts/Institutional Investor Meet/Con. Call Updates,https://nsearchives.nseindia.com/corporate/TRENT_19022026150147_InvestorAnalystMeeting19022026.pdf,Trent Limited has informed the Exchange about Intimation of schedule of Analyst / Institutional Investor Meetings,2026-02-19 15:02:52+05:30
SHRIRAMFIN,"Certificate under SEBI (Depositories and Participants) Regulations, 2018",https://nsearchives.nseindia.com/corporate/Mathew_19022026170054_BSENSE_19022026.pdf,"Shriram Finance Limited has informed the Exchange about Certificate under SEBI (Depositories and Participants) Regulations, 2018",2026-02-19 17:01:02+05:30
TMPV,Analysts/Institutional Investor Meet/Con. Call Updates,https://nsearchives.nseindia.com/corporate/TATAMOTORSSJS_19022026173251_LetterNSEBSEAnalystMeet.pdf,Tata Motors Passenger Vehicles Limited has informed the Exchange about Schedule of meet,2026-02-19 17:33:03+05:30
HCLTECH,Copy of Newspaper Publication,https://nsearchives.nseindia.com/corporate/HCLTECH_19022026173934_Intimationtostockexchanges-SD.pdf,Intimation of publication of newspaper advertisement for transfer of equity shares of the Company to the Investor Education and Protection Fund,2026-02-19 17:40:43+05:30
ULTRACEMCO,Credit Rating,https://nsearchives.nseindia.com/corporate/ULTRACEMCO1_19022026174141_Credit_Rating_SE_Letter.pdf,UltraTech Cement Limited has informed the Exchange about Credit Rating,2026-02-19 17:41:59+05:30
TITAN,Analysts/Institutional Investor Meet/Con. Call Updates,https://nsearchives.nseindia.com/corporate/TITAN_19022026185102_SEintimation.pdf,Titan Company Limited has informed the Exchange about Schedule of meet,2026-02-19 18:51:23+05:30
HINDUNILVR,Analysts/Institutional Investor Meet/Con. Call Updates,https://nsearchives.nseindia.com/corporate/HINDUNILVR_19022026191246_SEIntimationTranscript19022026signed.pdf,"Transcript of the Earnings Conference Call for the quarter ended 31st December, 2025",2026-02-19 19:12:53+05:30
AXISBANK,Analysts/Institutional Investor Meet/Con. Call Updates,https://nsearchives.nseindia.com/corporate/AXISBANK1_19022026192117_AP19022026Signed.pdf,Axis Bank Limited has informed the Exchange about Presentation,2026-02-19 19:22:44+05:30
RELIANCE,Analysts/Institutional Investor Meet/Con. Call Updates,https://nsearchives.nseindia.com/corporate/kavinavora_19022026192958_SE_19022026.pdf,"Please note that the Company executives will be participating in the Institutional Investors' Meeting - IIFL Global Investors Conference, scheduled to be held on February 24, 2026 at Mumbai. It is expected that the meeting with the investors will be on one-on-one basis.",2026-02-19 19:30:15+05:30
HCLTECH,Updates,https://nsearchives.nseindia.com/corporate/HCLTECH_20022026093021_Release20February2026.pdf,"HCL Technologies Limited has informed the Exchange regarding 'Release    HCLTech unveils VisionX 2.0, a next-gen multi-modal AI Edge Platform with NVIDIA '.",2026-02-20 09:30:30+05:30
ICICIBANK,ESOP/ESOS/ESPS,https://nsearchives.nseindia.com/corporate/ICICIBANK1_20022026105855_LETTER_TO_EXCHANGE.pdf,ICICI Bank Limited has informed the Exchange regarding Allotment of 16216  Shares.,2026-02-20 10:59:27+05:30
SBIN,Copy of Newspaper Publication,https://nsearchives.nseindia.com/corporate/SBIN1_20022026114423_SE_DISCLOSUREdsc.pdf,State Bank Of India has informed the Exchange about Copy of Newspaper Publication,2026-02-20 11:45:05+05:30
TCS,Updates,https://nsearchives.nseindia.com/corporate/TCS_CORPCS_20022026122101_PR_20Feb26_signed.pdf,Tata Consultancy Services Limited has informed the Exchange regarding 'Press Release - TCS and Cisco Launch Center of Excellence for Autonomous Enterprise to Reimagine Operations'.,2026-02-20 12:30:06+05:30
TITAN,Shareholders meeting,https://nsearchives.nseindia.com/corporate/TITAN003_20022026123157_SEIntimationPostalballot.pdf,Titan Company Limited has informed the Exchange regarding Notice of Postal Ballot,2026-02-20 12:33:05+05:30
MARUTI,Copy of Newspaper Publication,https://nsearchives.nseindia.com/corporate/MARUTIASHISH_20022026124019_StxIntimation_NPs_19Feb2026.pdf,Maruti Suzuki India Limited has informed the Exchange about Copy of Newspaper Publication,2026-02-20 12:42:00+05:30
BAJFINANCE,Issue of Securities,https://nsearchives.nseindia.com/corporate/BAJFINANCE_20022026131437_REG30NSEBSE20022026.pdf,Bajaj Finance Limited has informed the Exchange about issue of Securities,2026-02-20 13:14:52+05:30
JIOFIN,Analysts/Institutional Investor Meet/Con. Call Updates,https://nsearchives.nseindia.com/corporate/JIOFINANCIAL_20022026133552_JFSL.pdf,"Please note that the Company executives will be participating in the Institutional Investors Meeting organised by third party - Kotak Securities Limited's Chasing Growth 2026 on February 25, 2026",2026-02-20 13:36:01+05:30
NTPC,Updates,https://nsearchives.nseindia.com/corporate/NTPC_20022026134829_20260220_COMMISSIONINGNGEL_STEX.pdf,NTPC Limited has informed the Exchange regarding 'Decelartion of COD of second part capacity of 165 MW out of 1200 MW Khavda-II Solar PV Project of NTPC Renewable Energy Limited'.,2026-02-20 13:48:37+05:30
HDFCBANK,General Updates,https://nsearchives.nseindia.com/corporate/HDFCBANK3_20022026160443_SELetterESOP20022026.pdf,HDFC Bank Limited has informed the Exchange about General Updates,2026-02-20 16:05:09+05:30
BEL,Credit Rating,https://nsearchives.nseindia.com/corporate/BEL_20022026165437_Letter_signed.pdf,Bharat Electronics Limited has informed the Exchange about Credit Rating,2026-02-20 16:56:50+05:30
ONGC,Analysts/Institutional Investor Meet/Con. Call Updates,https://nsearchives.nseindia.com/corporate/ONGC_20022026172555_transcript20022026.pdf,Oil & Natural Gas Corporation Limited has informed the Exchange about Transcript,2026-02-20 17:26:20+05:30
BHARTIARTL,Press Release,https://nsearchives.nseindia.com/corporate/BHARTIARTL_20022026174551_BhartiAirtel-Reg30PR_sgd.pdf,"Bharti Airtel Limited has informed the Exchange regarding a press release dated February 20, 2026, titled ""Zscaler, Together With Bharti Airtel, Announce Launch of AI & Cyber Threat Research Center to Advance Cyber Resilience and Trusted AI Adoption"".",2026-02-20 17:46:03+05:30
HCLTECH,General Updates,https://nsearchives.nseindia.com/corporate/HCLTECH_20022026182758_Wobbyacquistion.pdf,Updates -  HCLSoftware completes acquisition of AI Data Analyst Agents Startup Wobby,2026-02-20 18:28:18+05:30
NTPC,Updates,https://nsearchives.nseindia.com/corporate/NTPC_20022026182516_20260220_NGELCOMISSIONING_STEX.pdf,"NTPC Limited has informed the Exchange regarding 'Declaration of COD of part capacity of  158.4 MW out of 250 MW Solar PV Project located in Andhra Pradesh, by a group company ofNTPC Green Energy Limited'.",2026-02-20 18:25:24+05:30
HINDUNILVR,Analysts/Institutional Investor Meet/Con. Call Updates,https://nsearchives.nseindia.com/corporate/HINDUNILVR_20022026184954_20022026InvestorMeetIntimationFinalsigned.pdf,Schedule of Analyst/Investor Meet,2026-02-20 18:50:03+05:30
TATASTEEL,Analysts/Institutional Investor Meet/Con. Call Updates,https://nsearchives.nseindia.com/corporate/NIDHIFADNAVIS_20022026184520_BSENSE_signed.pdf,Tata Steel Limited has informed the Exchange about Schedule of meet,2026-02-20 18:48:09+05:30
TATASTEEL,Analysts/Institutional Investor Meet/Con. Call Updates,https://nsearchives.nseindia.com/corporate/NIDHIFADNAVIS_20022026185442_BSENSE_signed.pdf,Tata Steel Limited has informed the Exchange about Schedule of meet,2026-02-20 18:56:34+05:30
MAXHEALTH,Investor Presentation,https://nsearchives.nseindia.com/corporate/MAXHEALTH_20022026190152_SE_Intimation_Investor_Presentation.pdf,Max Healthcare Institute Limited has informed the Exchange about Investor Presentation,2026-02-20 19:02:25+05:30
SBILIFE,General Updates,https://nsearchives.nseindia.com/corporate/SBILIFE_20022026215549_MH20022026_signed.pdf,SBI Life Insurance Company Limited has informed the Exchange about General Updates,2026-02-20 21:59:02+05:30
INFY,Analysts/Institutional Investor Meet/Con. Call Updates,https://nsearchives.nseindia.com/corporate/INFY_20022026212916_Investor_events_20022026.pdf,Infosys Limited has informed the Exchange about Schedule of meet,2026-02-20 21:29:54+05:30
INFY,Allotment of Securities,https://nsearchives.nseindia.com/corporate/INFY_20022026211602_ESOP_Allotment_Batch91.pdf,"Infosys Limited has informed the Exchange regarding allotment of 716314 securities pursuant to ESOP/ESPS at its meeting held on February 19, 2026",2026-02-20 21:18:44+05:30
ICICIBANK,Updates,https://nsearchives.nseindia.com/corporate/ICICI2022_22022026105651_NSEBSE_220226.pdf,"ICICI Bank Limited has informed the Exchange regarding 'Disclosure under Regulation 30 of the SEBI (Listing Obligations and Disclosure Requirements) Regulations, 2015'.",2026-02-22 10:59:53+05:30
AXISBANK,Updates,https://nsearchives.nseindia.com/corporate/AXISBANK1_22022026203559_Axis_Bank_update_disclosure_Signed.pdf,Axis Bank Limited has informed the Exchange regarding 'General Update'.,2026-02-22 20:39:50+05:30
TRENT,Copy of Newspaper Publication,https://nsearchives.nseindia.com/corporate/TRENT_23022026114811_Reg30-Noticeofre-lodgementoftransferrequestsofphysicalshares.pdf,Trent Limited has informed the Exchange about Notice of Special Window for re-lodgement of transfer requests of physical shares,2026-02-23 11:48:38+05:30
ADANIPORTS,General Updates,https://nsearchives.nseindia.com/corporate/rkbhagia_23022026121532_SEINTIMATION.pdf,Adani Ports and Special Economic Zone Limited has informed the Exchange about Allotment of Non-Convertible Debentures on private placement basis,2026-02-23 12:16:01+05:30
TCS,Updates,https://nsearchives.nseindia.com/corporate/TCS_CORPCS_23022026122047_PR_23Feb26_signed.pdf,Tata Consultancy Services Limited has informed the Exchange regarding 'Press Release - TCS and ServiceNow partner to accelerate large-scale AI adoption for enterprises'.,2026-02-23 12:30:06+05:30
AXISBANK,Analysts/Institutional Investor Meet/Con. Call Updates,https://nsearchives.nseindia.com/corporate/AXISBANK_23022026132257_Advance_Intimation_26th_Feb_Kotak_Conference_Signed.pdf,Axis Bank Limited has informed the Exchange about Schedule of meet,2026-02-23 13:31:54+05:30
GRASIM,Copy of Newspaper Publication,https://nsearchives.nseindia.com/corporate/GRASIM_23022026153626_SEIntimationNewspaperAdvertisement.pdf,Newspaper Advertisement regarding Special Window- Re- Lodgement for Transfer and Dematerialisation of Physical Securities,2026-02-23 15:37:03+05:30
BHARTIARTL,Press Release,https://nsearchives.nseindia.com/corporate/BHARTIARTL_23022026162253_Bharti_Airtel_-_Press_Release_sgd.pdf,"Bharti Airtel Limited has informed the Exchange regarding a press release dated February 23, 2026, titled ""Airtel plans major push to build a high-scale NBFC platform"".",2026-02-23 16:30:24+05:30
SHRIRAMFIN,Analysts/Institutional Investor Meet/Con. Call Updates,https://nsearchives.nseindia.com/corporate/Mathew_23022026171019_BSENSE_Analyst_Meet23022026.pdf,Shriram Finance Limited has informed the Exchange about Schedule of meet,2026-02-23 17:14:47+05:30
SHRIRAMFIN,Analysts/Institutional Investor Meet/Con. Call Updates,https://nsearchives.nseindia.com/corporate/Mathew_23022026171401_BSENSE_Analyst_Meet23022026.pdf,Shriram Finance Limited has informed the Exchange about Schedule of meet,2026-02-23 17:14:47+05:30
SHRIRAMFIN,Analysts/Institutional Investor Meet/Con. Call Updates,https://nsearchives.nseindia.com/corporate/Mathew_23022026171302_BSENSE_Analyst_Meet23022026.pdf,Shriram Finance Limited has informed the Exchange about Schedule of meet,2026-02-23 17:14:47+05:30
M&M,Updates,https://nsearchives.nseindia.com/corporate/Shaibya_23022026184401_Employeeslist23022026.pdf,Mahindra & Mahindra Limited has informed the Exchange regarding 'Transfer of Equity Shares by Mahindra & Mahindra Employees  Stock Option Trust to the Stock Option Grantees'.,2026-02-23 18:44:15+05:30
SBIN,Analysts/Institutional Investor Meet/Con. Call Updates,https://nsearchives.nseindia.com/corporate/SBIN_23022026190051_BSE_NSE_Investor_Outcome23022026.pdf,State Bank Of India has informed the Exchange about investor interaction arranged by Nuvama,2026-02-23 19:02:01+05:30
RELIANCE,Updates,https://nsearchives.nseindia.com/corporate/kavinavora_23022026194631_SE_23022026.pdf,"This is further to the disclosure dated February 18, 2026 made by the Company. We wish to inform you that the Company executives participated in the Institutional Investors' Meeting - Kotak Chasing Growth 2026 Investor Conference and no unpublished price sensitive information was shared/discussed in the said one-on-one meeting.",2026-02-23 19:46:45+05:30
CIPLA,Shareholders meeting,https://nsearchives.nseindia.com/corporate/CIPLA_23022026204635_Postal_Ballot_notice_SE_signed.pdf,Cipla Limited has informed the Exchange regarding Notice of Postal Ballot,2026-02-23 20:47:33+05:30
LT,Bagging/Receiving of orders/contracts,https://nsearchives.nseindia.com/corporate/PAM_24022026103527_PressRelease24022026.pdf,Larsen & Toubro Limited has informed the Exchange about Bagging/Receiving of orders/contracts,2026-02-24 10:35:52+05:30
ICICIBANK,ESOP/ESOS/ESPS,https://nsearchives.nseindia.com/corporate/ICICIBANK1_24022026110342_Lettertoexchange.pdf,ICICI Bank Limited has informed the Exchange regarding Allotment of 369765  Shares.,2026-02-24 11:04:03+05:30
LT,Updates,https://nsearchives.nseindia.com/corporate/PAM_24022026142849_Intimation__Reg_30_Sufin_sgd.pdf,"Larsen & Toubro Limited has informed the Exchange regarding 'Intimation of execution of Business Transfer Agreement with SuFin Limited, Wholly owned Subsidiary of the Company'.",2026-02-24 14:29:12+05:30
SUNPHARMA,Investor Presentation,https://nsearchives.nseindia.com/corporate/SUNPHARMA456_24022026154119_IntimationSE20260224_Investor_Presenatation_Feb_2026_Signed.pdf,Sun Pharmaceutical Industries Limited has informed the Exchange about Investor Presentation,2026-02-24 15:42:17+05:30
CIPLA,Copy of Newspaper Publication,https://nsearchives.nseindia.com/corporate/CIPLA_24022026160941_Newspaper_advertisement_signed.pdf,Cipla Limited has informed the Exchange about Copy of Newspaper Publication,2026-02-24 16:10:28+05:30
GRASIM,General Updates,https://nsearchives.nseindia.com/corporate/GRASIM_24022026161447_SEintimationCancellationOf_AnalystMeetFinal.pdf,Intimation of cancellation of Analysts / Institutional Investor Meet,2026-02-24 16:14:56+05:30
INDIGO,Analysts/Institutional Investor Meet/Con. Call Updates,https://nsearchives.nseindia.com/corporate/Indigo1_24022026163627_SE_Investor_Meet_disclosure.pdf,InterGlobe Aviation Limited has informed the Exchange about Schedule of meet,2026-02-24 16:39:16+05:30
DRREDDY,General Updates,https://nsearchives.nseindia.com/corporate/DRREDDY_24022026173149_SEIntimation.pdf,Dr. Reddy's Laboratories Limited has informed the Exchange about General Updates,2026-02-24 17:31:59+05:30
HINDALCO,General Updates,https://nsearchives.nseindia.com/corporate/HINDALCOIND_24022026180635_Novelis_8K_2402_signed.pdf,Novelis Inc. a wholly owned subsidiary of the Company announced entry into the subscription agreement with AV Minerals (Netherlands) N.V.,2026-02-24 18:07:20+05:30
POWERGRID,General Updates,https://nsearchives.nseindia.com/corporate/POWERGRID1_24022026182048_BSENSEReg30dt24022026PNTLDOCO.pdf,Power Grid Corporation of India Limited has informed the Exchange about POWERGRID Narela Transmission Limited has successfully commissioned the Project.,2026-02-24 18:21:24+05:30
INFY,Updates,https://nsearchives.nseindia.com/corporate/Infosys_24022026183902_AIDayTranscript17022026.pdf,Infosys Limited has informed the Exchange regarding 'Transcript of the Infosys Limited Investor AI Day 2026'.,2026-02-24 18:40:29+05:30
INFY,Updates,https://nsearchives.nseindia.com/corporate/Infosys_24022026183647_PR_Feb242026.pdf,Infosys Limited has informed the Exchange regarding 'CSX Modernizes Data Platform with Infosys & Microsoft'.,2026-02-24 18:37:04+05:30
SBIN,Analysts/Institutional Investor Meet/Con. Call Updates,https://nsearchives.nseindia.com/corporate/SBIN_24022026184012_BSE_NSE_Investor_Outcome24022026.pdf,State Bank of India has informed the Exchange about investor interaction arranged by Nuvama,2026-02-24 18:40:30+05:30
AXISBANK,ESOP/ESOS/ESPS,https://nsearchives.nseindia.com/corporate/AXISBANK1_24022026184521_SE24022026_Signed.pdf,Axis Bank Limited has informed the Exchange regarding Allotment of 263239  Shares.,2026-02-24 18:45:39+05:30
M&M,Copy of Newspaper Publication,https://nsearchives.nseindia.com/corporate/NishaMandhana_24022026193502_NewspaperPublication24022026.pdf,Mahindra & Mahindra Limited has informed the Exchange about Copy of Newspaper Publication regarding the Transfer of Ordinary (Equity) Shares of the Company to Investor Education and Protection Fund Authority,2026-02-24 19:35:16+05:30
RELIANCE,Updates,https://nsearchives.nseindia.com/corporate/kavinavora_24022026194910_SE_24022026.pdf,"This is further to the disclosure dated February 19, 2026 made by the Company. We wish to inform you that the Company executives participated in the Institutional Investors' Meeting - IIFL Global Investors Conference and no unpublished price sensitive information was shared/discussed in the said one-on-one meeting.",2026-02-24 19:49:23+05:30
M&M,Analysts/Institutional Investor Meet/Con. Call Updates,https://nsearchives.nseindia.com/corporate/NishaMandhana_24022026195351_Concluded24022026.pdf,Mahindra & Mahindra Limited has informed the Exchange about Outcome of Analyst Meet,2026-02-24 19:54:10+05:30
HINDALCO,Analysts/Institutional Investor Meet/Con. Call Updates,https://nsearchives.nseindia.com/corporate/HINDALCOIND_24022026201714_Investor_Meet_Intimation_IIFL_SS_signed.pdf,Hindalco Industries Limited has informed the Exchange about Schedule of meet,2026-02-24 20:20:40+05:30
ADANIPORTS,General Updates,https://nsearchives.nseindia.com/corporate/rkbhagia_24022026201835_SEINTIMATION.pdf,Adani Ports and Special Economic Zone Limited has informed the Exchange about General Updates,2026-02-24 20:18:44+05:30
BHARTIARTL,Analysts/Institutional Investor Meet/Con. Call Updates,https://nsearchives.nseindia.com/corporate/BHARTIARTL_24022026210725_Bharti_Airtel_-_STX_intimation__Group_Investor_Call_.pdf,Bharti Airtel Limited has informed the Exchange about Schedule of meet,2026-02-24 21:15:18+05:30
LT,Bagging/Receiving of orders/contracts,https://nsearchives.nseindia.com/corporate/PAM_25022026094304_PressRelease25022026.pdf,Larsen & Toubro Limited has informed the Exchange about Bagging/Receiving of orders/contracts,2026-02-25 09:43:30+05:30
ADANIPORTS,Updates,https://nsearchives.nseindia.com/corporate/rkbhagia_25022026061030_APSEZSEinitmation.pdf,Adani Ports and Special Economic Zone Limited has informed the Exchange regarding 'Press Release- Announces early results of Cash Tender Offer for its Senior Notes'.,2026-02-25 06:11:08+05:30
POWERGRID,General Updates,https://nsearchives.nseindia.com/corporate/POWERGRID1_24022026221449_BSENSEReg30DOP24022026v2.pdf,"Power Grid Corporation of India Limited has informed the Exchange about ""Cabinet approves enhanced delegation to POWERGRID from the extant guidelines on delegation of powers to Maharatna CPSEs"".",2026-02-24 22:16:05+05:30
EICHERMOT,Monthly Business Updates,https://nsearchives.nseindia.com/corporate/Navneetnse_01032026121656_VECVFeb26salesUpdate1stMar26UpdatedSigned.pdf,"Eicher Motors Limited has informed the Exchange regarding Monthly Business Updates for the month of February 2026 of VE Commercial Vehicles Limited, an unlisted material subsidiary of Eicher Motors Limited",2026-03-01 12:17:50+05:30
COALINDIA,General Updates,https://nsearchives.nseindia.com/corporate/COALINDIA_01032026124123_Productionf.pdf,Provisional Production and Off-take Performance of CIL and Subsidiary Companies for the month of Feb 26 and for the period Apr 25-Feb 26,2026-03-01 12:41:36+05:30
COALINDIA,Cessation,https://nsearchives.nseindia.com/corporate/COALINDIA_01032026124430_rathoref.pdf,"Coal India Limited has informed the Exchange regarding Cessation of Mr Ghanshyam Singh Rathore as Independent Director of the company w.e.f. March 01, 2026.",2026-03-01 12:44:44+05:30
BHARTIARTL,Press Release,https://nsearchives.nseindia.com/corporate/BHARTIARTL_01032026155119_BhartiAirtel_-_PR_sgd.pdf,"Bharti Airtel Limited has informed the Exchange regarding a press release dated March 01, 2026, titled ""Airtel and Google Collaborate to Advance Spam Protection in India With Secure RCS Messaging"".",2026-03-01 16:00:01+05:30
ADANIENT,General Updates,https://nsearchives.nseindia.com/corporate/nishant_joshi_adani_com_01032026145924_AelIntimation01032026BTA.pdf,"Adani Enterprises Limited has informed the Exchange about Intimation regarding execution Business Transfer Agreement by Adani Defence Systems & Technologies Ltd ( ADSTL ), a wholly owned subsidiary of the Company.",2026-03-01 14:59:33+05:30
ADANIENT,General Updates,https://nsearchives.nseindia.com/corporate/nishant_joshi_adani_com_01032026145420_AelIntimation01032026SPA.pdf,"Adani Enterprises Limited has informed the Exchange about Intimation for signing of Share Purchase Agreement by Adani Defence Systems & Technologies Ltd ( ADSTL ), a wholly owned subsidiary of the Company with Punj Lloyd Aviation Ltd ( PLAL ).",2026-03-01 14:54:34+05:30
EICHERMOT,Monthly Business Updates,https://nsearchives.nseindia.com/corporate/EICHERMOT_01032026133043_EMLMonthlyBusinessUpdate1stMarch2026Signed.pdf,Eicher Motors Limited has informed the Exchange regarding Monthly Business Updates for the month of February 2026,2026-03-01 13:32:32+05:30
TMPV,Press Release,https://nsearchives.nseindia.com/corporate/TATAMOTORSSJS_01032026125037_NSEBSEPVSALES.pdf,"Tata Motors Passenger Vehicles Limited has informed the Exchange regarding a press release dated March 01, 2026, titled ""Tata Motors Passenger Vehicles Limited (formerly Tata Motors Limited) Monthly Sales - February 2026"".",2026-03-01 12:51:24+05:30
ONGC,General Updates,https://nsearchives.nseindia.com/corporate/ONGC_01032026124945_Seniormgt01032026SD.pdf,Oil & Natural Gas Corporation Limited has informed the Exchange about Change in Senior Management,2026-03-01 12:49:59+05:30
ONGC,Retirement,https://nsearchives.nseindia.com/corporate/ONGC_01032026124453_DirectorSandCASD.pdf,Oil & Natural Gas Corporation Limited has informed the Exchange about Superannuation of Director (Strategy & Corporate Affairs),2026-03-01 12:45:32+05:30
MARUTI,General Updates,https://nsearchives.nseindia.com/corporate/MARUTIASHISH_01032026192147_StxIntimation_Prod_Feb_2026.pdf,Maruti Suzuki India Limited has informed the Exchange about Maruti Suzuki Production Volume: February 2026,2026-03-01 19:24:00+05:30
SBILIFE,Copy of Newspaper Publication,https://nsearchives.nseindia.com/corporate/SBILIFE_01032026183048_Advertisement_SE_Intimation_Signed.pdf,SBI Life Insurance Company Limited has informed the Exchange about Copy of Newspaper Publication,2026-03-01 18:31:51+05:30
POWERGRID,Trading Window,https://nsearchives.nseindia.com/corporate/POWERGRID1_03032026230458_BSENSE_PI03032026.pdf,"Power Grid Corporation of India Limited has informed the Exchange regarding the Trading Window closure pursuant to SEBI (Prohibition of Insider Trading) Regulations, 2015",2026-03-03 23:05:04+05:30
AXISBANK,Analysts/Institutional Investor Meet/Con. Call Updates,https://nsearchives.nseindia.com/corporate/AXISBANK_03032026225136_Schedule_of_Investor_Analyst_Meet_03032026_Daiwa_Conference_Signed.pdf,Axis Bank Limited has informed the Exchange about Presentation,2026-03-03 22:52:10+05:30
TMPV,Cessation,https://nsearchives.nseindia.com/corporate/TATAMOTORSSJS_08032026113105_LetterNSEBSEOPBhatt.pdf,"Tata Motors Passenger Vehicles Limited has informed the Exchange regarding Cessation of Mr Om Prakash Bhatt as Non- Executive Independent Director of the company w.e.f. March 08, 2026.",2026-03-08 11:31:19+05:30
HDFCLIFE,ESOP/ESOS/ESPS,https://nsearchives.nseindia.com/corporate/PRASAD_08032026205444_SE_Intimation_-_Grant_of_ESOPs.pdf,HDFC Life Insurance Company Limited has informed the Exchange regarding Grant of   Options.,2026-03-08 20:55:24+05:30
HDFCLIFE,Appointment,https://nsearchives.nseindia.com/corporate/PRASAD_08032026205752_SE_Intimation_-_CHRO.pdf,"HDFC Life Insurance Company Limited has informed the Exchange regarding Appointment of Mr Vijay Vaidyanathan as Chief Human Resource Officer of the company w.e.f. April 01, 2026.",2026-03-08 20:58:29+05:30
TECHM,Rumour Verification - Regulation 30(11),https://nsearchives.nseindia.com/corporate/Apekshakhemka_09032026082548_TechM_SE_intimation_rumour_verification_s.pdf,Tech Mahindra Limited has informed the Exchange about Rumour Verification - Regulation 30(11),2026-03-09 08:26:01+05:30
TCS,Updates,https://nsearchives.nseindia.com/corporate/TCS_CORPCS_09032026123653_PR_09Mar26_signed.pdf,Tata Consultancy Services Limited has informed the Exchange regarding 'Press Release - TCS launches Gemini Experience Center in the US to help accelerate AI-powered manufacturing'.,2026-03-09 12:37:08+05:30
ADANIENT,Incorporation,https://nsearchives.nseindia.com/corporate/nishant_joshi_adani_com_09032026133133_AELintimationCORRTOLLWAYSLIMITED.pdf,Adani Enterprises Limited has informed the Exchange about incorporation of a wholly owned subsidiary namely  CORR TOLLWAYS LIMITED,2026-03-09 13:31:39+05:30
BHARTIARTL,Copy of Newspaper Publication,https://nsearchives.nseindia.com/corporate/BHARTIARTL_09032026134404_NewsAddMar09.pdf,Bharti Airtel Limited has informed the Exchange about Copy of Newspaper Publication,2026-03-09 13:44:24+05:30
TATACONSUM,Analysts/Institutional Investor Meet/Con. Call Updates,https://nsearchives.nseindia.com/corporate/Kajal_09032026152553_TCPL_Analystmeeting_09032026.pdf,TATA CONSUMER PRODUCTS LIMITED has informed the Exchange about Schedule of meet,2026-03-09 15:27:25+05:30
HDFCLIFE,Analysts/Institutional Investor Meet/Con. Call Updates,https://nsearchives.nseindia.com/corporate/PRASAD_09032026152716_AnnouncementforMarmeetings.pdf,HDFC Life Insurance Company Limited has informed the Exchange about Schedule of meet,2026-03-09 15:27:55+05:30
TITAN,General Updates,https://nsearchives.nseindia.com/corporate/TITAN_09032026155853_SECPRedemption09032026.pdf,Titan Company Limited has informed the Exchange about Redemption of Commercial Paper,2026-03-09 15:59:22+05:30
RELIANCE,Updates,https://nsearchives.nseindia.com/corporate/kavinavora_09032026164626_SE_09032026.pdf,"Please find attached a media release by Reliance Retail Limited, a subsidiary of the Company, titled  Reliance Retail Limited Acquires  Pahadi Local  Brand along with Business, Strengthening Its Commitment to Purpose-Led Beauty and Wellness Brands.",2026-03-09 16:46:42+05:30
AXISBANK,Analysts/Institutional Investor Meet/Con. Call Updates,https://nsearchives.nseindia.com/corporate/AXISBANK_09032026165135_Advance_Intimation_13_March_Investec_signed.pdf,Axis Bank Limited has informed the Exchange about Schedule of meet,2026-03-09 16:51:46+05:30
WIPRO,Copy of Newspaper Publication,https://nsearchives.nseindia.com/corporate/Wipro_Secretarial_09032026171111_Reg47NewspaperAd.pdf,"Wipro Limited has informed the Exchange about Newspaper Advertisement - Regulation 47 of SEBI (Listing Obligations and Disclosure Requirements) Regulations, 2015",2026-03-09 17:11:39+05:30
BAJAJFINSV,Updates,https://nsearchives.nseindia.com/corporate/walimbelk_09032026171335_BFSBGILBLILUPSIFeb25.pdf,Bajaj Finserv Limited has informed the Exchange regarding 'Information pertaining to unlisted Insurance subsidiaries of the Company'.,2026-03-09 17:13:56+05:30
ICICIBANK,ESOP/ESOS/ESPS,https://nsearchives.nseindia.com/corporate/ICICIBANK1_09032026172314_LETTER_TO_STOCK_EXCHNAGE1.pdf,ICICI Bank Limited has informed the Exchange regarding Allotment of 485368  Shares.,2026-03-09 17:24:56+05:30
ICICIBANK,General Updates,https://nsearchives.nseindia.com/corporate/ICICI2022_09032026174303_BSENSE.pdf,"ICICI Bank Limited has informed the Exchange about disclosure under Regulation 30 read with para A of Schedule III and Regulation 46(2) of the SEBI (Listing Obligations and Disclosure Requirements) Regulations, 2015.",2026-03-09 17:44:00+05:30
HINDALCO,Copy of Newspaper Publication,https://nsearchives.nseindia.com/corporate/HINDALCOIND_09032026174945_SE_intimation_merged_signed.pdf,Hindalco Industries Limited has informed the Exchange about Copies of Newspaper Publication on informing investors about opening of special window of re-lodgement of physical transfer.,2026-03-09 17:50:05+05:30
M&M,General Updates,https://nsearchives.nseindia.com/corporate/NishaMandhana_09032026174502_MonthlyReportFeb26.pdf,"M&M: Mahindra & Mahindra Limited has informed the Exchange about Production, Sales and Export figures for the month of February 2026",2026-03-09 17:45:25+05:30
SBIN,Analysts/Institutional Investor Meet/Con. Call Updates,https://nsearchives.nseindia.com/corporate/SBIN_09032026182245_BSE_NSE_InvestorMeet_Intimation_09032026.pdf,SBIN: State Bank of India has informed the Exchange about Interaction with Institutional Investors / Analysts,2026-03-09 18:23:27+05:30
SBIN,Updates,https://nsearchives.nseindia.com/corporate/SBIN_09032026185635_BSE_NSE_Corigendum_09032026.pdf,SBIN: State Bank of India has informed the Exchange regarding 'Corrigendum to the Notice of General Meeting of Shareholders'.,2026-03-09 18:56:48+05:30
NESTLEIND,General Updates,https://nsearchives.nseindia.com/corporate/NESTLEIND1_09032026192847_InstitutionalInvestorsMeet16Mar2026signed.pdf,Nestle India Limited has informed the Exchange about Intimation of one-on-one meet(s) with institutional investor(s),2026-03-09 19:29:15+05:30
TCS,General Updates,https://nsearchives.nseindia.com/corporate/TCS_CORPCS_09032026195559_SEInt09032026_signed.pdf,Tata Consultancy Services Limited has informed the Exchange about General Updates,2026-03-09 19:56:53+05:30
POWERGRID,Outcome of Board Meeting,https://nsearchives.nseindia.com/corporate/POWERGRID1_09032026202038_BSENSEReg30dt09032026.pdf,Power Grid Corporation of India Limited has informed the Exchange regarding Outcome of the Board Meeting.,2026-03-09 20:26:19+05:30
CIPLA,General Updates,https://nsearchives.nseindia.com/corporate/CIPLA_09032026225014_SignedUSFDA-inspection-Pharmathen09032026Signed_1.pdf,Cipla Limited has informed the Exchange about General Updates,2026-03-09 22:50:31+05:30
JSWSTEEL,Press Release,https://nsearchives.nseindia.com/corporate/jessydenny_10032026093011_press_release.pdf,"JSW Steel Limited has informed the Exchange regarding a press release dated March 10, 2026, titled ""JSW Steel reports Consolidated Crude Steel Production of 23.66 Lakh   Tonnes for February 26"".",2026-03-10 09:30:37+05:30
NTPC,Updates,https://nsearchives.nseindia.com/corporate/NTPC_10032026104137_202060310_STEX_INTIMATION_COD_NGEL.pdf,NTPC Limited has informed the Exchange regarding 'Declaration of COD of second part capacity of 91.6 MW out of 250 MW Solar PV Project located in Andhra Pradesh by a group company of NGEL'.,2026-03-10 10:41:49+05:30
ONGC,Appointment,https://nsearchives.nseindia.com/corporate/ONGC_10032026104907_disclosure10032026.pdf,"Oil & Natural Gas Corporation Limited has informed the Exchange regarding Appointment of Shri Vinod Seshan as Government Nominee Director of the company w.e.f. March 09, 2026.",2026-03-10 10:49:39+05:30
TITAN,Analysts/Institutional Investor Meet/Con. Call Updates,https://nsearchives.nseindia.com/corporate/TITAN_10032026121035_SEintimation.pdf,Titan Company Limited has informed the Exchange about Schedule of meet,2026-03-10 12:10:54+05:30
BHARTIARTL,Press Release,https://nsearchives.nseindia.com/corporate/BHARTIARTL_10032026122246_BhartiAirtel_-_PR_Mar10_.pdf,"Bharti Airtel Limited has informed the Exchange regarding a press release dated March 10, 2026, titled ""Airtel Extends Connectivity to Remote Marwah Region"".",2026-03-10 12:31:14+05:30
INFY,Updates,https://nsearchives.nseindia.com/corporate/Infosys_10032026130708_PR_10032026.pdf,Infosys Limited has informed the Exchange regarding 'Infosys Positioned as a Leader and Star Performer in Everest Group s Adobe Services PEAK Matrix® Assessment 2025'.,2026-03-10 13:07:26+05:30
TECHM,Sale or disposal,https://nsearchives.nseindia.com/corporate/Apekshakhemka_10032026140239_LiquidationIntimation-Tech_Mahindra_Digital_Pty.pdf,Tech Mahindra Limited has informed the Exchange about Sale or disposal,2026-03-10 14:02:49+05:30
TRENT,Analysts/Institutional Investor Meet/Con. Call Updates,https://nsearchives.nseindia.com/corporate/TRENT_10032026155736_InvestorAnalystMeeting10032026.pdf,Trent Limited has informed the Exchange about Intimation of schedule of Analyst / Institutional Investor Meeting,2026-03-10 15:58:49+05:30
BHARTIARTL,Change in Auditors,https://nsearchives.nseindia.com/corporate/BHARTIARTL_10032026165802_AirtelStx.pdf,Bharti Airtel Limited has informed the Exchange regarding Change in Auditors of the company.,2026-03-10 16:58:48+05:30
ADANIENT,Acquisition,https://nsearchives.nseindia.com/corporate/nishant_joshi_adani_com_10032026172509_AELIntimationDPJain10032026.pdf,"Adani Enterprises Limited has informed the Exchange about completion of acquisition of the balance 49% the equity share capital and 100% optionally convertible preference share capital of D P Jain TOT Toll Roads Private Limited by Adani Road Transport Limited, a wholly owned subsidiary of the Company.",2026-03-10 17:25:39+05:30
INFY,Updates,https://nsearchives.nseindia.com/corporate/Infosys_10032026172849_PR_10032026_2.pdf,Infosys Limited has informed the Exchange regarding 'Incora and Infosys Collaborate to Advance AI-Enabled Supply Chain Operations'.,2026-03-10 17:29:11+05:30
NTPC,Updates,https://nsearchives.nseindia.com/corporate/NTPC_10032026174736_20260310_STEX_NGEL_COD.pdf,NTPC Limited has informed the Exchange regarding 'Declaration of COD of third partcapacity of 270 MW out of 1200 MW Khavda-II Solar PV Project located in Gujarat of NTPCRenewable Energy Limited'.,2026-03-10 17:47:52+05:30
INDIGO,Outcome of Board Meeting,https://nsearchives.nseindia.com/corporate/Indigo1_10032026175934_Disclosure.pdf,"InterGlobe Aviation Limited has informed the Exchange regarding Outcome of Board Meeting held on March 10, 2026.",2026-03-10 17:59:53+05:30
ULTRACEMCO,Analysts/Institutional Investor Meet/Con. Call Updates,https://nsearchives.nseindia.com/corporate/ULTRACEMCO1_10032026180126_Investor_Meet_SE_letter.pdf,UltraTech Cement Limited has informed the Exchange about Schedule of meet,2026-03-10 18:01:35+05:30
LT,Copy of Newspaper Publication,https://nsearchives.nseindia.com/corporate/PAM_10032026180823_Intimation10032026.pdf,Larsen & Toubro Limited has informed the Exchange about Copy of Newspaper Publication,2026-03-10 18:08:37+05:30
EICHERMOT,General Updates,https://nsearchives.nseindia.com/corporate/rahulrathore_royalenfield_com_10032026181624_EML_VECV_Intimation_Final_Signed.pdf,Eicher Motors Limited has informed the Exchange about General Updates on VE Commercial Vehicles Ltd appoints B Srinivas as Managing Director and CEO & Vinod Aggarwal as Chairman,2026-03-10 18:17:05+05:30
M&M,Analysts/Institutional Investor Meet/Con. Call Updates,https://nsearchives.nseindia.com/corporate/NishaMandhana_10032026183040_UpcomingAnalystMeet13032026.pdf,Mahindra & Mahindra Limited has informed the Exchange about Schedule of meet,2026-03-10 18:30:56+05:30
M&M,Analysts/Institutional Investor Meet/Con. Call Updates,https://nsearchives.nseindia.com/corporate/NishaMandhana_10032026183816_UpcomingAnalystMeet17032026.pdf,Mahindra & Mahindra Limited has informed the Exchange about Schedule of meet,2026-03-10 18:38:27+05:30
GRASIM,Analysts/Institutional Investor Meet/Con. Call Updates,https://nsearchives.nseindia.com/corporate/GRASIM_10032026185150_SEintimation.pdf,Intimation of schedule of Analysts / Institutional Investor Meet,2026-03-10 18:52:01+05:30
AXISBANK,ESOP/ESOS/ESPS,https://nsearchives.nseindia.com/corporate/AXISBANK1_10032026190646_SE10032026.pdf,Axis Bank Limited has informed the Exchange regarding Allotment of 163687  Shares.,2026-03-10 19:07:37+05:30
RELIANCE,Updates,https://nsearchives.nseindia.com/corporate/kavinavora_10032026191503_SE_10032026.pdf,"This is further to the disclosure dated March 4, 2026 made by the Company. We wish to inform you that the Company executives participated in the Institutional Investors' Meeting - JP Morgan India Forum and no unpublished price sensitive information was shared/discussed in the said one-on-one meeting.",2026-03-10 19:15:17+05:30
INDIGO,Press Release,https://nsearchives.nseindia.com/corporate/Indigo1_10032026192647_Disclosure.pdf,"InterGlobe Aviation Limited has informed the Exchange regarding a press release dated March 10, 2026, titled ""Organisational Announcement"".",2026-03-10 19:27:03+05:30
DRREDDY,Change in Management,https://nsearchives.nseindia.com/corporate/DRREDDY_10032026195122_SE_intimation_Reg30_change_in_SMP_signed.pdf,Dr. Reddy's Laboratories Limited has informed the Exchange about change in Management,2026-03-10 19:59:57+05:30
RELIANCE,Updates,https://nsearchives.nseindia.com/corporate/kavinavora_10032026214833_SE_03102026.pdf,Reliance Industries Limited has informed the Exchange regarding 'Media Statement'.,2026-03-10 21:49:05+05:30
ASIANPAINT,Amalgamation/Merger,https://nsearchives.nseindia.com/corporate/ASIANPAINT_10032026232223_SEintimation_sanctionofscheme_signed.pdf,"We wish to inform you that the Hon ble National Company Law Tribunal, Mumbai, vide its Order dated 10th March 2026, has sanctioned the Scheme of Amalgamation of Asian Paints (Polymers) Private Limited with the Company.",2026-03-10 23:22:32+05:30
DRREDDY,Rumour Verification - Regulation 30(11),https://nsearchives.nseindia.com/corporate/DRREDDY_10032026235233_SE_intimation_RumourVerification.pdf,Dr. Reddy's Laboratories Limited has informed the Exchange about Rumour Verification - Regulation 30(11),2026-03-10 23:52:52+05:30
HCLTECH,Updates,https://nsearchives.nseindia.com/corporate/HCLTECH_11032026073438_Release11March2026.pdf,'Release    HCLTech partners with Hockey Victoria to support Melbourne Cobras '.,2026-03-11 07:34:53+05:30
ADANIPORTS,Credit Rating- New,https://nsearchives.nseindia.com/corporate/rkbhagia_11032026113308_SEINTIMATION.pdf,Adani Ports and Special Economic Zone Limited has informed the Exchange about Credit Rating- New,2026-03-11 11:33:18+05:30
SHRIRAMFIN,ESOP/ESOS/ESPS,https://nsearchives.nseindia.com/corporate/Mathew_11032026122947_NSEBSEAllotmentofESOSMarch2026.pdf,Shriram Finance Limited has informed the Exchange regarding Allotment of 37245 Equity shares on exercise of Fresh Stock Options under Shriram Finance Limited Employee Stock Option Scheme 2023 (No.1) ( SFL ESOS 2023 (No.1) ),2026-03-11 12:30:20+05:30
WIPRO,Press Release,https://nsearchives.nseindia.com/corporate/Cslogin_11032026155257_PressRelease11032026.pdf,"Wipro Limited has informed the Exchange regarding a press release dated March 11, 2026, titled ""Wipro Enters into a Deal with TruStage® to Transform its Retirement Services Business"".",2026-03-11 15:53:40+05:30
SBILIFE,General Updates,https://nsearchives.nseindia.com/corporate/SBILIFE_11032026160541_IT11032026_signed.pdf,SBI Life Insurance Company Limited has informed the Exchange about General Updates,2026-03-11 16:06:27+05:30
TITAN,General Updates,https://nsearchives.nseindia.com/corporate/TITAN_11032026164919_SECPRedemption11032026.pdf,Titan Company Limited has informed the Exchange about Redemption of Commercial Paper,2026-03-11 16:49:29+05:30
ASIANPAINT,Copy of Newspaper Publication,https://nsearchives.nseindia.com/corporate/ASIANPAINT_11032026172846_SEIntimationSpecialWindowofTransfersigned.pdf,"This is to inform that SEBI vide its Circular dated 30th January 2026, has decided to open a special window for a period of one year from 5th February 2026 to 4th February 2027 to facilitate transfer and dematerialisation of physical shares of the Company. Pursuant to the said Circular, please find attached copies of notice given to the investors of the Company.",2026-03-11 17:30:09+05:30
SHRIRAMFIN,Analysts/Institutional Investor Meet/Con. Call Updates,https://nsearchives.nseindia.com/corporate/Mathew_11032026174338_AnalystMeet1132026.pdf,Shriram Finance Limited has informed the Exchange about Schedule of meet,2026-03-11 17:43:48+05:30
SHRIRAMFIN,Diversification/Disinvestment,https://nsearchives.nseindia.com/corporate/Mathew_11032026183928_NSEBSEDisinvestmentbyShriramOverseas.pdf,"Shriram Finance Limited has informed the Exchange that Shriram Overseas Investments Limited, wholly owned subsidiary of the Company has divested its entire stake of 81.63% comprising of 7,55,146 ordinary shares having a face value of SGD 1 each in Bharath Investments Pte. Limited, Singapore, subsidiary.In view of the above, Bharath has ceased to be a subsidiary of Shriram Overseas and step-down subsidiary of the Company. Consequently, Armour Insurance Services WLL has also ceased to be an associate of Shriram Overseas and the Company.",2026-03-11 18:39:51+05:30
ADANIENT,Updates,https://nsearchives.nseindia.com/corporate/ADANIENT_11032026190217_Acquisition_BTA_Punj_Llyod.pdf,Adani Enterprises Limited has informed the Exchange regarding 'Completion Of Acquisition Of Defence Unit From Punj Lloyd Ltd By Wholly Owned Subsidiary Of The Company'.,2026-03-11 19:02:29+05:30
ADANIENT,Acquisition,https://nsearchives.nseindia.com/corporate/ADANIENT_11032026185733_Acquisition_of_shares_Punj_llyod.pdf,Adani Enterprises Limited has informed the Exchange about Acquisition of 14.2% effective shareholding in Air Works India (Engineering) Pvt. Ltd. by wholly owned subsidiary of the Company.,2026-03-11 18:58:25+05:30
SBIN,Analysts/Institutional Investor Meet/Con. Call Updates,https://nsearchives.nseindia.com/corporate/SBIN_11032026191932_BSE_NSE_InvestorMeet_Intimation_16032026.pdf,State Bank Of India has informed the Exchange about Schedule of meet,2026-03-11 19:19:52+05:30
M&M,Analysts/Institutional Investor Meet/Con. Call Updates,https://nsearchives.nseindia.com/corporate/NishaMandhana_11032026192754_Concluded11032026.pdf,Mahindra & Mahindra Limited has informed the Exchange about Outcome of Analyst Meet,2026-03-11 19:28:12+05:30
ADANIPORTS,Analysts/Institutional Investor Meet/Con. Call Updates,https://nsearchives.nseindia.com/corporate/rkbhagia_11032026194528_SEINTIMATION.pdf,Adani Ports and Special Economic Zone Limited has informed the Exchange about Schedule of meet,2026-03-11 19:45:48+05:30
ADANIPORTS,Updates,https://nsearchives.nseindia.com/corporate/rkbhagia_12032026061451_APSEZIntimation120226.pdf,Adani Ports and Special Economic Zone Limited has informed the Exchange regarding 'Final Results of Cash Tender Offer'.,2026-03-12 06:15:04+05:30
BAJAJFINSV,General Updates,https://nsearchives.nseindia.com/corporate/walimbelk_12032026111949_BFSAllianzTransactionCompletion12March2025.pdf,Bajaj Finserv Limited has informed the Exchange about completion of acquisition of entire 26% equity stake held by Allianz SE in Insurance subsidiaries.,2026-03-12 11:20:14+05:30
INFY,Updates,https://nsearchives.nseindia.com/corporate/Infosys_12032026114226_PR_12032026.pdf,Infosys Limited has informed the Exchange regarding 'Infosys Announces Expansion of Mohali Development Center'.,2026-03-12 11:42:37+05:30
BHARTIARTL,Action(s) taken or orders passed,https://nsearchives.nseindia.com/corporate/BHARTIARTL_12032026122945_Bharti_Airtel_-_Reg_30_disclosure.pdf,Bharti Airtel Limited has informed the Exchange about Action(s) taken or orders passed,2026-03-12 12:30:15+05:30
DRREDDY,General Updates,https://nsearchives.nseindia.com/corporate/DRREDDY_12032026122700_SE_Intimation_Allotment_of_ESOP_12032026_signed.pdf,Dr. Reddy's Laboratories Limited has informed the Exchange about Allotment of Employee Stock Options,2026-03-12 12:27:09+05:30
TATACONSUM,Copy of Newspaper Publication,https://nsearchives.nseindia.com/corporate/Kajal_12032026124615_SEIntimation12032026.pdf,TATA CONSUMER PRODUCTS LIMITED has informed the Exchange about Copy of Newspaper Publication,2026-03-12 12:46:57+05:30
BHARTIARTL,Press Release,https://nsearchives.nseindia.com/corporate/BHARTIARTL_12032026135628_BhartiAirtelPRCustomerDay.pdf,"Bharti Airtel Limited has informed the Exchange regarding a press release dated March 12, 2026, titled ""Customer Day 2026: Airtel Reinforces its Culture of Customer Obsession"".",2026-03-12 13:59:23+05:30
HCLTECH,Updates,https://nsearchives.nseindia.com/corporate/HCLTECH_12032026144259_Release12March2026.pdf,HCL Technologies Limited has informed the Exchange regarding Release    HCLTech announces expanded collaboration with Google Cloud to help accelerate Agentic AI adoption across industries,2026-03-12 14:45:24+05:30
HINDALCO,General Updates,https://nsearchives.nseindia.com/corporate/HINDALCOIND_12032026150411_Novelis_8K_1003_Signed.pdf,Novelis Inc. a wholly owned subsidiary of Hindalco Industries Limited announced entering in Material Definitive Agreement.,2026-03-12 15:04:24+05:30
AXISBANK,Analysts/Institutional Investor Meet/Con. Call Updates,https://nsearchives.nseindia.com/corporate/AXISBANK1_12032026151617_Advance_IntimationSigned.pdf,Axis Bank Limited has informed the Exchange about Schedule of meet,2026-03-12 15:18:59+05:30
MARUTI,Analysts/Institutional Investor Meet/Con. Call Updates,https://nsearchives.nseindia.com/corporate/MARUTIASHISH_12032026162910_StxIntimation_InvestorMeet_17Mar2026.pdf,Maruti Suzuki India Limited has informed the Exchange about Schedule of meet,2026-03-12 16:34:05+05:30
M&M,Updates,https://nsearchives.nseindia.com/corporate/ferozebaria_12032026181523_Employeeslist12032026.pdf,Mahindra & Mahindra Limited has informed the Exchange regarding 'Transfer of Equity Shares by Mahindra & Mahindra Employees  Stock Option Trust to the Stock Option Grantees'.,2026-03-12 18:15:37+05:30
SBIN,Analysts/Institutional Investor Meet/Con. Call Updates,https://nsearchives.nseindia.com/corporate/SBIN_12032026182150_BSE_NSE_Investor_Outcome12032026.pdf,SBIN: State Bank of India has informed the Exchange about investor interaction arranged by Autonomous Research,2026-03-12 18:22:06+05:30
BHARTIARTL,Analysts/Institutional Investor Meet/Con. Call Updates,https://nsearchives.nseindia.com/corporate/BHARTIARTL_12032026183059_Bharti_Airtel_-_Investor_Meet.pdf,Bharti Airtel Limited has informed the Exchange about Schedule of meet,2026-03-12 18:31:38+05:30
POWERGRID,Acquisition,https://nsearchives.nseindia.com/corporate/POWERGRID1_12032026184609_BSENSEReg30AcqDt12032026.pdf,Power Grid Corporation of India Limited has informed the Exchange about Acquisition of NES Pune East New Transmission Limited by POWERGRID under TBCB route.,2026-03-12 18:46:30+05:30
SHRIRAMFIN,General Updates,https://nsearchives.nseindia.com/corporate/Mathew_12032026190624_NSEBSEIntimationPDlicense.pdf,"Shriram Finance Limited has informed the Exchange that Shriram Overseas Investments Limited, wholly owned subsidiary of the Company has submitted today i.e. 12th March 2026 an application seeking approval for license for Primary Dealer business to Reserve Bank of India",2026-03-12 19:06:35+05:30
TATASTEEL,Pendency of Litigation(s)/dispute(s) or the outcome impacting the Company,https://nsearchives.nseindia.com/corporate/NIDHIFADNAVIS_12032026191525_BSENSE_signed.pdf,Tata Steel Limited has informed the Exchange about Pendency of Litigation(s)/dispute(s) or the outcome impacting the Company,2026-03-12 19:17:04+05:30
TATACONSUM,Updates,https://nsearchives.nseindia.com/corporate/Sukhvinder_12032026192135_SE_Intimation_Update_on_X_account.pdf,TATA CONSUMER PRODUCTS LIMITED has informed the Exchange regarding 'Update on Compromise of Company s Official X Account'.,2026-03-12 19:22:00+05:30
AXISBANK,Analysts/Institutional Investor Meet/Con. Call Updates,https://nsearchives.nseindia.com/corporate/AXISBANK1_12032026204250_ScheduleSigned.pdf,Axis Bank Limited has informed the Exchange about Presentation,2026-03-12 20:44:13+05:30
KOTAKBANK,Analysts/Institutional Investor Meet/Con. Call Updates,https://nsearchives.nseindia.com/corporate/Kotakmahindrabank_12032026210552_InvestormeetintimationMar122026.pdf,Kotak Mahindra Bank Limited has informed the Exchange about Schedule of meet,2026-03-12 21:06:03+05:30
DRREDDY,Copy of Newspaper Publication,https://nsearchives.nseindia.com/corporate/DRREDDY_12032026215822_Stock_Exchange_Intimation_newspaper_advertisement_Special_window_signed.pdf,Dr. Reddy's Laboratories Limited has informed the Exchange about Copy of Newspaper Publication,2026-03-12 21:58:34+05:30
ICICIBANK,ESOP/ESOS/ESPS,https://nsearchives.nseindia.com/corporate/ICICIBANK1_13032026105152_LettertoStockExchange.pdf,ICICI Bank Limited has informed the Exchange regarding Allotment of 491900  Shares.,2026-03-13 10:52:24+05:30
ULTRACEMCO,Action(s) taken or orders passed,https://nsearchives.nseindia.com/corporate/ULTRACEMCO1_13032026110017_GSTOrder.pdf,"UltraTech Cement Limited has informed the Exchange about order passed by Assistant Commissioner, State Goods and Services Tax, Maharashtra",2026-03-13 11:00:37+05:30
BAJAJ-AUTO,Copy of Newspaper Publication,https://nsearchives.nseindia.com/corporate/lkwalimbe_bajajauto_co_in_13032026143445_SE_-_Special_Window.pdf,Bajaj Auto Limited has informed the Exchange about Copy of Newspaper Publication regarding the Notice of Special Window for Transfer and Dematerialisation of Physical Securities,2026-03-13 14:35:22+05:30
COALINDIA,Updates,https://nsearchives.nseindia.com/corporate/COALINDIA_13032026144405_RHP.pdf,"Coal India Limited has informed the Exchange regarding 'Filing of Red Herring Prospectus(RHP) of Central Mine Planning and Design Institute Limited (CMPDIL), a wholly owned Subsidiary of CIL, with SEBI'.",2026-03-13 14:44:15+05:30
INFY,Updates,https://nsearchives.nseindia.com/corporate/Infosys_13032026145859_PR_13032026.pdf,Infosys Limited has informed the Exchange regarding 'Ethisphere Recognizes Infosys with Compliance Leader Verification '.,2026-03-13 14:59:12+05:30
TITAN,Copy of Newspaper Publication,https://nsearchives.nseindia.com/corporate/TITAN_13032026155049_SEintimationewspaperclipps.pdf,Titan Company Limited has informed the Exchange about Copy of Newspaper Publication - Special Window for transfer and dematerialisation (demat) of physical shares,2026-03-13 15:51:12+05:30
WIPRO,Updates,https://nsearchives.nseindia.com/corporate/Cslogin_13032026155757_SEIntimation13032026.pdf,Wipro Limited has informed the Exchange regarding 'Grant of Restricted Stock Units'.,2026-03-13 15:58:31+05:30
TITAN,Analysts/Institutional Investor Meet/Con. Call Updates,https://nsearchives.nseindia.com/corporate/TITAN_13032026155831_SEintimation.pdf,Titan Company Limited has informed the Exchange about Schedule of meet,2026-03-13 15:58:48+05:30
TATACONSUM,ESOP/ESOS/ESPS,https://nsearchives.nseindia.com/corporate/Sukhvinder_13032026164028_SE_ESOP_Intimation.pdf,TATA CONSUMER PRODUCTS LIMITED has informed the Exchange regarding Allotment of 3824  Shares.,2026-03-13 16:40:59+05:30
JIOFIN,Granting/withdrawal/surrender/cancellation/suspension of key licenses/ regulatory approvals,https://nsearchives.nseindia.com/corporate/JIOFINANCIAL_13032026171302_CORIRDAIJFSL.pdf,Grant of Certificate of Registration by IRDAI to Allianz Jio Reinsurance Limited to commence business as Reinsurance Company.,2026-03-13 17:14:05+05:30
M&M,Analysts/Institutional Investor Meet/Con. Call Updates,https://nsearchives.nseindia.com/corporate/NishaMandhana_13032026172947_Concluded13032026.pdf,Mahindra & Mahindra Limited has informed the Exchange about Outcome of Analyst Meet,2026-03-13 17:30:01+05:30
HINDUNILVR,Trading Window,https://nsearchives.nseindia.com/corporate/HINDUNILVR_13032026174210_15032026TradingWindowClosuresigned.pdf,"Hindustan Unilever Limited has informed the Exchange regarding the Trading Window closure pursuant to SEBI (Prohibition of Insider Trading) Regulations, 2015",2026-03-13 17:42:26+05:30
GRASIM,Analysts/Institutional Investor Meet/Con. Call Updates,https://nsearchives.nseindia.com/corporate/GRASIM_13032026174918_SEintimation_Investor_Meet.pdf,Intimation of schedule of Analysts / Institutional Investor Meet,2026-03-13 17:49:28+05:30
WIPRO,Updates,https://nsearchives.nseindia.com/corporate/Wipro_Secretarial_13032026180512_SE.pdf,"Wipro Limited has informed the Exchange regarding Allotment of 2,760 equity shares under ADS Restricted Stock Unit Plan 2004, 67,291 equity shares under the Restricted Stock Unit Plan 2007 and 6,588 under Employee Stock Options, Performance Stock Unit and Restricted Stock Unit Scheme 2024 on March 13, 2026, pursuant to exercise of ESOPs",2026-03-13 18:05:34+05:30
DRREDDY,General Updates,https://nsearchives.nseindia.com/corporate/DRREDDY_13032026184038_Immutep_SE_Disclosure_F_signed.pdf,Dr. Reddy's Laboratories Limited has informed the Exchange about General Updates,2026-03-13 18:40:51+05:30
NESTLEIND,Shareholders meeting,https://nsearchives.nseindia.com/corporate/NESTLEIND1_13032026195220_IntimationofpostalballotVotingResultssigned.pdf,"Nestle India Limited has submitted the Exchange a copy Srutinizers report of  Postal Ballot. Further, the company has informed the Exchange regarding voting results.",2026-03-13 19:53:39+05:30
INDIGO,Press Release,https://nsearchives.nseindia.com/corporate/Indigo1_13032026195941_PressRelease13032026.pdf,"InterGlobe Aviation Limited has informed the Exchange regarding a press release dated March 13, 2026, titled ""IndiGo Introduces 'Fuel Charge' from 14 March 2026"".",2026-03-13 20:06:04+05:30
AXISBANK,Analysts/Institutional Investor Meet/Con. Call Updates,https://nsearchives.nseindia.com/corporate/AXISBANK1_13032026202438_Schedule13032026Signed.pdf,Axis Bank Limited has informed the Exchange about Presentation,2026-03-13 20:26:14+05:30
ETERNAL,Shareholders meeting,https://nsearchives.nseindia.com/corporate/ZOMATO_13032026221115_ETernalvotingreusltsignedfinal.pdf,Eternal limited has filed with the exchange a copy scrutinizer report of Postal Ballot and voting results.,2026-03-13 22:12:32+05:30
SBILIFE,General Updates,https://nsearchives.nseindia.com/corporate/SBILIFE_13032026220000_MP13032026_Signed.pdf,SBI Life Insurance Company Limited has informed the Exchange about General Updates,2026-03-13 22:00:13+05:30
SBILIFE,Analysts/Institutional Investor Meet/Con. Call Updates,https://nsearchives.nseindia.com/corporate/SBILIFE_13032026215732_IM13032026_Signed.pdf,SBI Life Insurance Company Limited has informed the Exchange about Schedule of meet,2026-03-13 21:58:08+05:30
HINDALCO,Rumour Verification - Regulation 30(11),https://nsearchives.nseindia.com/corporate/HINDALCOIND_15032026155029_Reg30_Clarification_signed.pdf,"Clarification regarding the news article titled  Hindalco halts aluminium product sales amid Iran war,  published in mainstream media on March 15, 2026.",2026-03-15 15:54:05+05:30
TRENT,Analysts/Institutional Investor Meet/Con. Call Updates,https://nsearchives.nseindia.com/corporate/TRENT_16032026104327_InvestorAnalystMeeting16032026.pdf,Trent Limited has informed the Exchange about Intimation of schedule of Analyst / Institutional Investor Meeting,2026-03-16 10:44:24+05:30
TATACONSUM,Copy of Newspaper Publication,https://nsearchives.nseindia.com/corporate/Kajal_16032026120416_SE_Intimation_NP_16032026.pdf,TATA CONSUMER PRODUCTS LIMITED has informed the Exchange about Copy of Newspaper Publication,2026-03-16 12:05:26+05:30
HINDUNILVR,Updates,https://nsearchives.nseindia.com/corporate/HINDUNILVR_16032026130019_16032026IntimationofGrantofStockOptionsSIGNED.pdf,Intimation of Grant of Stock Options under HUL Performance Share Plan Scheme 2024,2026-03-16 13:00:42+05:30
BHARTIARTL,Copy of Newspaper Publication,https://nsearchives.nseindia.com/corporate/BHARTIARTL_16032026130705_StxNewsMar16.pdf,Bharti Airtel Limited has informed the Exchange about Copy of Newspaper Publication,2026-03-16 13:07:17+05:30
SUNPHARMA,Press Release,https://nsearchives.nseindia.com/corporate/SUNSEC_16032026162216_SEIntimationforPRforILUMYA.pdf,"Sun Pharmaceutical Industries Limited has informed the Exchange regarding a press release dated March 16, 2026, titled ""Sun Pharma Announces US FDA Acceptance of Supplemental Biologics License (sBLA) Application for ILUMYA® (tildrakizumab-asmn) for the Treatment of Adults with Active Psoriatic Arthritis"".",2026-03-16 16:23:48+05:30
TITAN,General Updates,https://nsearchives.nseindia.com/corporate/TITAN_16032026165535_SECPRedemption16032026.pdf,Titan Company Limited has informed the Exchange about Redemption of Commercial Paper,2026-03-16 16:55:49+05:30
HDFCBANK,Updates,https://nsearchives.nseindia.com/corporate/HDFCBANK3_16032026172631_SELetterESOP16032026.pdf,"HDFC Bank Limited has informed the Exchange regarding 'Allotment of 16,30,554 equity shares under ESOP/RSU'.",2026-03-16 17:28:11+05:30
TRENT,Trading Window,https://nsearchives.nseindia.com/corporate/TRENT_16032026180820_BSENSE31032026.pdf,"Trent Limited has informed the Exchange regarding the Trading Window closure pursuant to SEBI (Prohibition of Insider Trading) Regulations, 2015",2026-03-16 18:08:33+05:30
ULTRACEMCO,Rumour Verification - Regulation 30(11),https://nsearchives.nseindia.com/corporate/ULTRACEMCO1_16032026181634_MPM16032026.pdf,UltraTech Cement Limited has informed the Exchange about Rumour Verification - Regulation 30(11),2026-03-16 18:19:11+05:30
NESTLEIND,General Updates,https://nsearchives.nseindia.com/corporate/NESTLEIND1_16032026181019_Investor_Meet_Outcome_16Mar2026signed.pdf,Nestle India Limited has informed the Exchange about update on a one-on-one meet (virtual) with an institutional investor,2026-03-16 18:15:25+05:30
ICICIBANK,General Updates,https://nsearchives.nseindia.com/corporate/ICICIBANK1_16032026182455_BSENSE.pdf,"ICICI Bank Limited has informed the Exchange about Disclosure under Regulation 30 read with para A of Schedule III and Regulation 46(2) of the Securities and Exchange Board of  India (Listing Obligations and Disclosure Requirements) Regulations, 2015",2026-03-16 18:25:25+05:30
BHARTIARTL,Action(s) taken or orders passed,https://nsearchives.nseindia.com/corporate/BHARTIARTL_16032026183909_Bharti_Airtel_-_Reg_30_disclosure.pdf,Bharti Airtel Limited has informed the Exchange about Action(s) taken or orders passed,2026-03-16 18:41:30+05:30
SBIN,Analysts/Institutional Investor Meet/Con. Call Updates,https://nsearchives.nseindia.com/corporate/SBIN_16032026190635_BSE_NSE_Investor_Outcome_16032026.pdf,State Bank of India has informed the Exchange about Investor Interaction arranged by Morgan Stanley,2026-03-16 19:06:49+05:30
POWERGRID,Trading Window,https://nsearchives.nseindia.com/corporate/POWERGRID1_16032026190750_NSEBSEClosure_16032026.pdf,"Power Grid Corporation of India Limited has informed the Exchange regarding the Trading Window closure pursuant to SEBI (Prohibition of Insider Trading) Regulations, 2015",2026-03-16 19:07:57+05:30
ADANIENT,General Updates,https://nsearchives.nseindia.com/corporate/nishant_joshi_adani_com_16032026191229_AELSEintimationNCLTOrder16032026.pdf,"Adani Enterprises Limited has informed the Exchange about Intimation regarding Sanction of Composite Scheme of Arrangement by Hon ble National Company Law Tribunal, Ahmedabad Bench",2026-03-16 19:12:36+05:30
BAJFINANCE,Analysts/Institutional Investor Meet/Con. Call Updates,https://nsearchives.nseindia.com/corporate/BAJFINANCE_16032026191317_Schedule_of_Analyst_institutional_investor_meet_signed.pdf,Bajaj Finance Limited has informed the Exchange about Schedule of meet,2026-03-16 19:13:43+05:30
RELIANCE,Updates,https://nsearchives.nseindia.com/corporate/kavinavora_16032026191546_SE_16032026.pdf,"Please find attached a media release by the Company, titled  RELIANCE INDUSTRIES SIGNS LANDMARK GREEN AMMONIA BINDING LONG-TERM OFFTAKE AGREEMENT WITH SAMSUNG C&T.",2026-03-16 19:15:56+05:30
INFY,Copy of Newspaper Publication,https://nsearchives.nseindia.com/corporate/Infosys_16032026202227_SEfiling_Newspaperad_16032026.pdf,Infosys Limited has informed the Exchange about Copy of Newspaper Publication,2026-03-16 20:22:45+05:30
MAXHEALTH,ESOP/ESOS/ESPS,https://nsearchives.nseindia.com/corporate/MAXHEALTH_17032026094906_SE_Intimation_Grant_of_ESOPs.pdf,Max Healthcare Institute Limited has informed the Exchange regarding grant of options under Max Healthcare Institute Limited - Employee Stock Option Scheme 2022,2026-03-17 09:54:54+05:30
MAXHEALTH,ESOP/ESOS/ESPS,https://nsearchives.nseindia.com/corporate/MAXHEALTH_17032026100136_SE_Intimation_Allotment_of_Equity_Shares.pdf,Max Healthcare Institute Limited has informed the Exchange regarding allotment of Equity Shares under Max Healthcare Institute Limited - Employee Stock Option Scheme 2022.,2026-03-17 10:02:57+05:30
MARUTI,Analysts/Institutional Investor Meet/Con. Call Updates,https://nsearchives.nseindia.com/corporate/MARUTIASHISH_17032026102744_StxIntimation_InvestorPresentation_17March2026.pdf,Maruti Suzuki India Limited has informed the Exchange about Investor Presentation,2026-03-17 10:29:31+05:30
SUNPHARMA,Updates,https://nsearchives.nseindia.com/corporate/SUNSEC_17032026103702_SEIntimationSSSurveyonRTAServices.pdf,Sun Pharmaceutical Industries Limited has informed the Exchange regarding 'Shareholder Satisfaction Survey on RTA Services'.,2026-03-17 10:38:48+05:30
ICICIBANK,ESOP/ESOS/ESPS,https://nsearchives.nseindia.com/corporate/ICICIBANK1_17032026110536_Lettertoexchange.pdf,ICICI Bank Limited has informed the Exchange regarding Allotment of 243921  Shares.,2026-03-17 11:05:52+05:30
TECHM,Allotment of Securities,https://nsearchives.nseindia.com/corporate/Apekshakhemka_17032026105835_ESOP_allotment_Intimation_2.pdf,"Tech Mahindra Limited has informed the Exchange regarding allotment of 61561 securities pursuant to ESOP/ESPS at its meeting held on March 17, 2026",2026-03-17 10:58:54+05:30
TCS,Updates,https://nsearchives.nseindia.com/corporate/TCS_CORPCS_17032026112200_PR_17Mar26_signed.pdf,Tata Consultancy Services Limited has informed the Exchange regarding 'Press Release-TCS launches Rapid Outcome AI platform powered by NVIDIA'.,2026-03-17 11:30:13+05:30
MARUTI,Pendency of Litigation(s)/dispute(s) or the outcome impacting the Company,https://nsearchives.nseindia.com/corporate/MARUTIASHISH_17032026135930_STxIntimation_DraftAssessOrder_16March2026.pdf,Maruti Suzuki India Limited has informed the Exchange about Pendency of Litigation(s)/dispute(s) or the outcome impacting the Company,2026-03-17 14:03:28+05:30
JIOFIN,Updates,https://nsearchives.nseindia.com/corporate/JIOFINANCIAL_17032026142613_PressNote.pdf,"Press note by the Company, titled  Jio Payments Bank introduces UPI-based cash withdrawal services.",2026-03-17 14:27:06+05:30
ADANIENT,Updates,https://nsearchives.nseindia.com/corporate/ADANIENT_17032026151949_AELJALIntimation.pdf,"Adani Enterprises Limited has informed the Exchange regarding 'Pronouncement of Order dated March 17, 2026 approving the resolution plan submitted by the Company for Jaiprakash Associates Limited'.",2026-03-17 15:22:22+05:30
BEL,Bagging/Receiving of orders/contracts,https://nsearchives.nseindia.com/corporate/BEL_17032026152306_Letter_signed.pdf,Bharat Electronics Limited has informed the Exchange about Bagging/Receiving of orders/contracts,2026-03-17 15:23:30+05:30
TECHM,Acquisition,https://nsearchives.nseindia.com/corporate/Apekshakhemka_17032026162156_SE_intimation_Project_Gulf_F.pdf,Tech Mahindra Limited has informed the Exchange about Acquisition,2026-03-17 16:23:55+05:30
WIPRO,Press Release,https://nsearchives.nseindia.com/corporate/Cslogin_17032026170320_PressRelease17032026.pdf,"Wipro Limited has informed the Exchange regarding a press release dated March 17, 2026, titled ""Wipro and Harness Announce Strategic Collaboration to Accelerate AI-Native Software Delivery for Global Enterprises"".",2026-03-17 17:04:29+05:30
DRREDDY,Action(s) taken or orders passed,https://nsearchives.nseindia.com/corporate/DRREDDY_17032026172349_SE_intimation_GST_Penalty_signed.pdf,Dr. Reddy's Laboratories Limited has informed the Exchange about Action(s) taken or orders passed,2026-03-17 17:24:12+05:30
ASIANPAINT,Trading Window,https://nsearchives.nseindia.com/corporate/ASIANPAINT_17032026174428_StockExchangeIntimation1703.pdf,"Asian Paints Limited has informed the Exchange regarding the Trading Window closure pursuant to SEBI (Prohibition of Insider Trading) Regulations, 2015",2026-03-17 17:45:50+05:30
POWERGRID,Analysts/Institutional Investor Meet/Con. Call Updates,https://nsearchives.nseindia.com/corporate/POWERGRID1_17032026182535_BSENSEReg30Dt17032026.pdf,Power Grid Corporation of India Limited has informed the Exchange about Schedule of meet,2026-03-17 18:25:45+05:30
SUNPHARMA,Shareholders meeting,https://nsearchives.nseindia.com/corporate/SUNSEC_17032026183025_SEintimationforPBnotice.pdf,Sun Pharmaceutical Industries Limited has informed the Exchange regarding Notice of Postal Ballot/E-voting,2026-03-17 18:30:37+05:30
TATASTEEL,Outcome of Board Meeting,https://nsearchives.nseindia.com/corporate/NIDHIFADNAVIS_17032026184018_Board_Outcome_-_March_17_2026.pdf,"Outcome of Board meeting held on March 17, 2026",2026-03-17 18:41:56+05:30
TATASTEEL,Amalgamation/Merger,https://nsearchives.nseindia.com/corporate/NIDHIFADNAVIS_17032026184358_Board_Outcome_-_March_17_2026.pdf,Tata Steel Limited has informed the Exchange about Scheme of Amalgamation amongst Neelachal Ispat Nigam Limited and Tata Steel Limited and their respective shareholders,2026-03-17 18:45:14+05:30
TATASTEEL,Acquisition,https://nsearchives.nseindia.com/corporate/NIDHIFADNAVIS_17032026184625_Board_Outcome_-_March_17_2026.pdf,"Tata Steel Limited has informed the Exchange about investment through subscription to equity shares of T Steel Holdings Pte. Ltd., wholly owned subsidiary company of Tata Steel Limited",2026-03-17 18:47:39+05:30
TATASTEEL,Acquisition,https://nsearchives.nseindia.com/corporate/NIDHIFADNAVIS_17032026184842_Board_Outcome_-_March_17_2026.pdf,"Tata Steel Limited has informed the Exchange about acquisition of stake in Medica TS Hospital Private Limited, subsidiary company of Tata Steel Limited",2026-03-17 18:51:05+05:30
M&M,Analysts/Institutional Investor Meet/Con. Call Updates,https://nsearchives.nseindia.com/corporate/NishaMandhana_17032026185702_Concluded17032026.pdf,Mahindra & Mahindra Limited has informed the Exchange about Outcome of Analyst/Investor Meet,2026-03-17 18:58:10+05:30
AXISBANK,ESOP/ESOS/ESPS,https://nsearchives.nseindia.com/corporate/AXISBANK1_17032026185758_SE17032026.pdf,Axis Bank Limited has informed the Exchange regarding Allotment of 327688  Shares.,2026-03-17 18:58:59+05:30
NESTLEIND,General Updates,https://nsearchives.nseindia.com/corporate/NESTLEIND1_17032026185806_Investor_Meet_Outcome_17Mar2026signed.pdf,Nestle India Limited has informed the Exchange about Update on a one-on-one meet (virtual) with an institutional investor held on 17th March 2026,2026-03-17 18:58:24+05:30
M&M,Analysts/Institutional Investor Meet/Con. Call Updates,https://nsearchives.nseindia.com/corporate/NishaMandhana_17032026190737_UpcomingAnalystMeet23032026.pdf,Mahindra & Mahindra Limited has informed the Exchange about Schedule of meet,2026-03-17 19:08:18+05:30
BAJFINANCE,Change in Management,https://nsearchives.nseindia.com/corporate/BAJFINANCE_17032026205813_ClassificationasSMPTusharDeb_signed.pdf,Bajaj Finance Limited has informed the Exchange about change in Management,2026-03-17 20:58:22+05:30
SBIN,Press Release,https://nsearchives.nseindia.com/corporate/SBIN1_17032026205840_BSE_NSE_Press_Release_Tier_2_Bond_17032026dsc.pdf,"State Bank Of India has informed the Exchange regarding a press release dated March 17, 2026, titled ""Press Release - Raising of Tier 2 Bonds"".",2026-03-17 20:59:36+05:30
M&M,Analysts/Institutional Investor Meet/Con. Call Updates,https://nsearchives.nseindia.com/corporate/NishaMandhana_17032026205854_Concluded17032026Nomura.pdf,Mahindra & Mahindra Limited has informed the Exchange about Outcome of Analyst/Investor Meet,2026-03-17 20:59:34+05:30
SBIN,General Updates,https://nsearchives.nseindia.com/corporate/SBIN1_17032026210345_Disclosure_-_Bidding_Tier_2_17032026dsc.pdf,State Bank Of India has informed the Exchange about General Updates on raising of Tier 2 Bonds,2026-03-17 21:03:56+05:30
KOTAKBANK,Analysts/Institutional Investor Meet/Con. Call Updates,https://nsearchives.nseindia.com/corporate/Kotakmahindrabank_17032026212539_InvestormeetintimationMar172026.pdf,Kotak Mahindra Bank Limited has informed the Exchange about Schedule of meet,2026-03-17 21:25:52+05:30
BHARTIARTL,Action(s) taken or orders passed,https://nsearchives.nseindia.com/corporate/BHARTIARTL_17032026213636_Bharti_Airtel_-_Reg_30_disclosure.pdf,Bharti Airtel Limited has informed the Exchange about Action(s) taken or orders passed,2026-03-17 21:40:30+05:30
SBILIFE,Allotment of Securities,https://nsearchives.nseindia.com/corporate/SBILIFE_17032026215339_SE_17032026_Signed.pdf,"SBI Life Insurance Company Limited has informed the Exchange regarding allotment of 75325 equity shares pursuant to ESOP through circular resolution of the Board Stakeholders' Relationship and Sustainability Committee passed on March 17, 2026.",2026-03-17 21:53:53+05:30
TATASTEEL,Copy of Newspaper Publication,https://nsearchives.nseindia.com/corporate/NIDHIFADNAVIS_17032026223305_Reg_30_Dupro.pdf,Tata Steel Limited has informed the Exchange about Copy of Newspaper Publication,2026-03-17 22:38:11+05:30
AXISBANK,Analysts/Institutional Investor Meet/Con. Call Updates,https://nsearchives.nseindia.com/corporate/AXISBANK1_17032026224140_Investor_Analyst_Meet_17032026_MS_Signed.pdf,Axis Bank Limited has informed the Exchange about Presentation,2026-03-17 22:41:48+05:30
TATASTEEL,Copy of Newspaper Publication,https://nsearchives.nseindia.com/corporate/NIDHIFADNAVIS_17032026223904_Reg_30_Transfer_of_Shares.pdf,Tata Steel Limited has informed the Exchange about Copy of Newspaper Publication,2026-03-17 22:41:54+05:30
RELIANCE,Action(s) taken or orders passed,https://nsearchives.nseindia.com/corporate/PVIVINMA_18032026004852_RIL_SELetter_180326.pdf,"Disclosure under Regulation 30 of the Securities and Exchange Board of India (Listing Obligations and Disclosure Requirements) Regulations, 2015 is attached.",2026-03-18 00:49:38+05:30
AXISBANK,General Updates,https://nsearchives.nseindia.com/corporate/AXISBANK1_18032026100131_SEIntimationAFLSigned.pdf,Axis Bank Limited has informed the Exchange about General Updates,2026-03-18 10:03:19+05:30
HDFCBANK,Credit Rating,https://nsearchives.nseindia.com/corporate/HDFCBANK3_18032026113454_SE_Intimation-_March_182026.pdf,HDFC Bank Limited has informed the Exchange about Credit Rating,2026-03-18 11:35:11+05:30
TATACONSUM,Copy of Newspaper Publication,https://nsearchives.nseindia.com/corporate/Kajal_18032026114302_SEIntimation18032026.pdf,TATA CONSUMER PRODUCTS LIMITED has informed the Exchange about Copy of Newspaper Publication,2026-03-18 11:43:35+05:30
TCS,Updates,https://nsearchives.nseindia.com/corporate/TCS_CORPCS_18032026122452_PR_18Mar26_signed.pdf,Tata Consultancy Services Limited has informed the Exchange regarding 'Press Release - TCS and Pearson partner to accelerate AI-powered learning for global industries'.,2026-03-18 12:30:13+05:30
HCLTECH,Updates,https://nsearchives.nseindia.com/corporate/HCLTECH_18032026140546_Release18March2026_AWS.pdf,Release    HCLTech named AWS European Sovereign Cloud launch partner '.,2026-03-18 14:06:07+05:30
ITC,ESOP/ESOS/ESPS,https://nsearchives.nseindia.com/corporate/ITC_18032026152045_SE.pdf,ITC Limited has informed the Exchange regarding Allotment of 238850   Shares.,2026-03-18 15:21:00+05:30
INFY,Updates,https://nsearchives.nseindia.com/corporate/Infosys_18032026153551_SEfiling_Reg30disclosure_18032026.pdf,Infosys Limited has informed the Exchange regarding 'Disclosure Under Regulation 30 Of SEBI LODR Regulations'.,2026-03-18 15:36:05+05:30
ULTRACEMCO,Acquisition,https://nsearchives.nseindia.com/corporate/ULTRACEMCO1_18032026160322_Sunsure_Solarpark_Seven_Private_Limited_-_Disclosure_format.pdf,UltraTech Cement Limited has informed the Exchange about Acquisition,2026-03-18 16:03:44+05:30
SUNPHARMA,Copy of Newspaper Publication,https://nsearchives.nseindia.com/corporate/SUNSEC_18032026161257_SEIntimation_Postal_Ballot1_signed.pdf,Sun Pharmaceutical Industries Limited has informed the Exchange about Copy of Newspaper Publication,2026-03-18 16:13:19+05:30
ICICIBANK,Trading Window,https://nsearchives.nseindia.com/corporate/ICICI2022_18032026163355_NSEBSE_18032026.pdf,"ICICI Bank Limited has informed the Exchange regarding the Trading Window closure pursuant to SEBI (Prohibition of Insider Trading) Regulations, 2015",2026-03-18 16:35:06+05:30
HDFCLIFE,ESOP/ESOS/ESPS,https://nsearchives.nseindia.com/corporate/PRASAD_18032026164646_ESOPSEIntimationMarchSIGNED.pdf,HDFC Life Insurance Company Limited has informed the Exchange regarding Allotment of 203686  Shares.,2026-03-18 16:47:21+05:30
BAJAJ-AUTO,Outcome of Board Meeting,https://nsearchives.nseindia.com/corporate/lkwalimbe_bajajauto_co_in_18032026174436_SE_-__ED_PS.pdf,"Bajaj Auto Limited has informed the Exchange regarding Outcome of Board Meeting held on March 18, 2026 -  Re-appointment of Whole-time Director of the Company.",2026-03-18 17:44:49+05:30
ICICIBANK,General Updates,https://nsearchives.nseindia.com/corporate/ICICI2022_18032026175659_NSEBSE_18032026.pdf,"ICICI Bank Limited has informed the Exchange about the Redemption of USD 800,000,000 notes issued under Global Medium TermNote Programme.",2026-03-18 17:57:41+05:30
INFY,Updates,https://nsearchives.nseindia.com/corporate/Infosys_18032026182417_PR_18032026.pdf,Infosys Limited has informed the Exchange regarding 'Ethisphere recognizes Infosys among 2026 World s Most Ethical Companies®'.,2026-03-18 18:24:30+05:30
INDIGO,Credit Rating- Others,https://nsearchives.nseindia.com/corporate/Indigo1_18032026182831_Credit_Rating_ICRA_18032026.pdf,InterGlobe Aviation Limited has informed the Exchange about Credit Rating- Others,2026-03-18 18:29:16+05:30
HCLTECH,Updates,https://nsearchives.nseindia.com/corporate/HCLTECH_18032026184230_Release18March2026_Etisphere.pdf,HCL Technologies Limited has informed the Exchange regarding 'Release    HCLTech named as one of the World's Most Ethical Companies® by Ethisphere for third consecutive year '.,2026-03-18 18:42:49+05:30
INDIGO,General Updates,https://nsearchives.nseindia.com/corporate/Indigo1_18032026185019_SE_Disclosure_Land_Acq_18032026.pdf,InterGlobe Aviation Limited has informed the Exchange about General Updates,2026-03-18 18:50:39+05:30
CIPLA,Allotment of Securities,https://nsearchives.nseindia.com/corporate/CIPLA_18032026192844_SEIntimationsigned.pdf,"Cipla Limited has informed the Exchange regarding allotment of 1954 securities pursuant to ESOP/ESPS at its meeting held on March 18, 2026",2026-03-18 19:29:20+05:30
TCS,Copy of Newspaper Publication,https://nsearchives.nseindia.com/corporate/TCS_CORPCS_18032026195033_SE_Intimation_18032026s.pdf,Tata Consultancy Services Limited has informed the Exchange about Copy of Newspaper Publication,2026-03-18 19:53:24+05:30
ETERNAL,General Updates,https://nsearchives.nseindia.com/corporate/ZOMATO_18032026213323_Eternal18Mar2026HaryanaJharkhandSigned.pdf,"Eternal Limited has informed exchange regarding orders received from Additional Commissioner, CGST Gurugram Commissionerate, Gurugram, Haryana and Assistant Commissioner, Ranchi, Jharkhand",2026-03-18 21:34:17+05:30
HDFCBANK,Resignation,https://nsearchives.nseindia.com/corporate/HDFCBANK3_18032026223605_SE_intimation_-_AC.pdf,"HDFC Bank Limited has informed the Exchange regarding Resignation of Mr Atanu Chakraborty  as Chairman of the company w.e.f. March 18, 2026.",2026-03-18 22:38:49+05:30
BHARTIARTL,Updates,https://nsearchives.nseindia.com/corporate/BHARTIARTL_18032026225950_STX_CallMoney.pdf,Bharti Airtel Limited has informed the Exchange regarding 'Update on First and Final Call '.,2026-03-18 23:00:47+05:30
HDFCBANK,General Updates,https://nsearchives.nseindia.com/corporate/HDFCBANK3_19032026023936_SE_intimation_-_AC_-_2nd.pdf,HDFC Bank Limited has informed the Exchange about General Updates,2026-03-19 02:40:20+05:30
HDFCBANK,Resignation of Independent director,https://nsearchives.nseindia.com/corporate/HDFCBANK_ROID_80638_KMP_Doc.zip,HDFC BANK LIMITED has informed the Exchange about Resignation of Independent director.,2026-03-18 23:21:17+05:30
HDFCBANK,Analysts/Institutional Investor Meet/Con. Call Updates,https://nsearchives.nseindia.com/corporate/HDFCBANK_19032026084323_SE_intimation_-_investor_call_-_19_March_2026.pdf,HDFC Bank Limited has informed the Exchange about Schedule of meet,2026-03-19 08:44:05+05:30
NTPC,Updates,https://nsearchives.nseindia.com/corporate/NTPC_19032026103732_20260319_STEX_NGEL_COMMISSIONING.pdf,NTPC Limited has informed the Exchange regarding 'Declaration of COD of fourth partcapacity of 165 MW out of 1200 MW Khavda-II Solar PV Project located in Gujarat of NTPCRenewable Energy Limited'.,2026-03-19 10:37:52+05:30
HDFCBANK,Analysts/Institutional Investor Meet/Con. Call Updates,https://nsearchives.nseindia.com/corporate/HDFCBANK2_19032026133235_Audio_recording.pdf,HDFC Bank Limited has informed the Exchange about Link of Recording,2026-03-19 13:35:38+05:30
HCLTECH,Updates,https://nsearchives.nseindia.com/corporate/HCLTECH_19032026134223_Release19March2026.pdf,HCL Technologies Limited has informed the Exchange regarding 'Release    HCLTech named a Leader in Everest Group Private Cloud Services PEAK Matrix® Assessment 2025 '.,2026-03-19 13:43:10+05:30
TCS,Updates,https://nsearchives.nseindia.com/corporate/TCS_CORPCS_19032026135304_PR_19Mar26_signed.pdf,Tata Consultancy Services Limited has informed the Exchange regarding 'Press Release - Amadeus and TCS announce global strategic partnership to accelerate modern airline retailing'.,2026-03-19 14:00:09+05:30
ITC,Shareholders meeting,https://nsearchives.nseindia.com/corporate/ITC_19032026144314_SE_VotingResults_.pdf,ITC Limited has informed the Exchange regarding voting results of  Postal Ballot,2026-03-19 14:43:30+05:30
ASIANPAINT,Trading Plan under PIT,https://nsearchives.nseindia.com/corporate/ASIANPAINT_19032026145256_SEINTIMATIONTRADINGPLAN.pdf,"Asian Paints Limited has informed the Exchange regarding Trading Plan pursuant to SEBI (Prohibition of Insider Trading) Regulations, 2015",2026-03-19 14:53:23+05:30
ITC,Appointment,https://nsearchives.nseindia.com/corporate/ITC_19032026144641_SE_Director_.pdf,"ITC Limited has informed the Exchange regarding Appointment of Mr Navin Agarwal as Non- Executive Director of the company w.e.f. April 01, 2026.",2026-03-19 14:46:47+05:30
ICICIBANK,Updates,https://nsearchives.nseindia.com/corporate/ICICI2022_19032026151044_NSEBSE_19032026.pdf,"ICICI Bank Limited has informed the Exchange regarding 'Disclosure under Regulation 30 of the SEBI (Listing Obligations and Disclosure Requirements) Regulations, 2015'.",2026-03-19 15:11:44+05:30
HDFCBANK,General Updates,https://nsearchives.nseindia.com/corporate/HDFCBANK3_19032026154030_SE_Intimation-_RBI_Statement.pdf,HDFC Bank Limited has informed the Exchange about General Updates,2026-03-19 15:40:50+05:30
NESTLEIND,Capacity addition,https://nsearchives.nseindia.com/corporate/NESTLEIND1_19032026160606_BSENSEMunch19032026signed.pdf,"Nestle India Limited has informed the Exchange about  the addition of a new Munch production line at the Sanand Factory, Gujarat",2026-03-19 16:07:32+05:30
LT,Scheme of Arrangement,https://nsearchives.nseindia.com/corporate/PAM_19032026161557_NSE_BSE_Response.pdf,Larsen & Toubro Limited has informed the Exchange about Scheme of Arrangement,2026-03-19 16:18:00+05:30
TCS,Updates,https://nsearchives.nseindia.com/corporate/TCS_CORPCS_19032026163647_PR19Mar26_2.pdf,"Tata Consultancy Services Limited has informed the Exchange regarding 'Press Release -TCS and ABB strengthen strategic IT, AI, and engineering partnership'.",2026-03-19 16:37:00+05:30
ADANIENT,Updates,https://nsearchives.nseindia.com/corporate/ADANIENT_19032026170553_Intimationconversion_PPtoFP_2ndcall_final.pdf,"Adani Enterprises Limited has informed the Exchange regarding 'Conversion Of Rs. 0.75 Partly Paid-Up Equity Shares Into Rs. 1.00 Fully Paid-Up Equity Shares In Relation To The Rights Issue By Adani Enterprises Limited, Upon Receipt Of The Payment In Respect Of The Second And Final Call Through The ASBA Facility, To The Extent Applicable'.",2026-03-19 17:06:07+05:30
CIPLA,Outcome of Board Meeting,https://nsearchives.nseindia.com/corporate/CIPLA_19032026172750_Signed_OutcomeBoardmeeting19thMarch2026.pdf,"Cipla Limited has informed the Exchange regarding Outcome of Board Meeting held on March 19, 2026.",2026-03-19 17:28:40+05:30
CIPLA,Outcome of Board Meeting,https://nsearchives.nseindia.com/corporate/CIPLA_19032026173251_Signed_OutcomeBoardmeeting19thMarch2026.pdf,"Cipla Limited has informed the Exchange regarding Outcome of Board Meeting held on March 19, 2026 regarding:1. Approved investment upto USD 100 million in the equity share capital of Cipla (EU) Limited, a whollyowned subsidiary of the Company for the purpose of providing onward financial assistance to InvaGen Pharmaceuticals Inc., wholly-owned subsidiary of Cipla (EU) Limited, to meet its capital expenditure, working capital requirements and other general corporate purposes.2. Approved Scheme of Amalgamation of Inzpera Healthsciences Limited ( Transferor Company ), wholly owned subsidiary with the Company ( Transferee Company ). The Scheme of Amalgamation is subject to necessary approvals required under the Companies Act, 2013, including approval of the Hon bleNational Company Law Tribunal, Mumbai. The proposed amalgamation will not have any material impact on the financials of the Company.",2026-03-19 17:33:29+05:30
NTPC,Press Release,https://nsearchives.nseindia.com/corporate/NTPC_19032026174523_20260319_STEX_PRESSRELEASE.pdf,"NTPC Limited has informed the Exchange regarding a press release dated March 19, 2026, titled ""Signing of MoU between NTPC Limited and Octopus Energy Group"".",2026-03-19 17:45:34+05:30
WIPRO,Press Release,https://nsearchives.nseindia.com/corporate/Cslogin_19032026181515_PressRelease19032026.pdf,"Wipro Limited has informed the Exchange regarding a press release dated March 19, 2026, titled ""Wipro Launches GIFT City Hub to Accelerate AI-Powered BFSI Transformation"".",2026-03-19 18:17:22+05:30
ONGC,Credit Rating,https://nsearchives.nseindia.com/corporate/ONGC_19032026191014_creditrating19032026.pdf,Oil & Natural Gas Corporation Limited has informed the Exchange about Credit Rating,2026-03-19 19:10:25+05:30
HCLTECH,Updates,https://nsearchives.nseindia.com/corporate/HCLTECH_19032026203133_UpdateGuaranteeRelease.pdf,"Update on Release of Guarantee provided by the Company on USD denominated Senior Notes issued by HCL America Inc., a wholly owned step-down subsidiary'.",2026-03-19 20:33:05+05:30
ADANIENT,Updates,https://nsearchives.nseindia.com/corporate/ADANIENT_19032026200621_AELIntimationJAL19032026_2.pdf,"Adani Enterprises Limited has informed the Exchange regarding 'Intimation Under Regulation 30 Of SEBI (Listing Obligations & Disclosure Requirements) Regulations, 2015 - Update On The Resolution Plan For Jaiprakash Associates Limited ('JAL').'.",2026-03-19 20:06:32+05:30
ADANIPORTS,Updates,https://nsearchives.nseindia.com/corporate/rkbhagia_19032026194616_SEINTIMATION.pdf,Adani Ports and Special Economic Zone Limited has informed the Exchange regarding 'Resolution Plan of Jaiprakash Associates Limited   Intimation regardingin-principle interest to be one of the Implementing Entities'.,2026-03-19 19:46:26+05:30
ETERNAL,Trading Window,https://nsearchives.nseindia.com/corporate/ZOMATO_20032026195747_Tradingwindowsigned.pdf,"ETERNAL LIMITED has informed the Exchange regarding the Trading Window closure pursuant to SEBI (Prohibition of Insider Trading) Regulations, 2015",2026-03-20 19:59:01+05:30
BHARTIARTL,Updates,https://nsearchives.nseindia.com/corporate/BHARTIARTL_20032026202344_STX_Announcement_-_Call_money_completion_signed.pdf,"Bharti Airtel Limited has informed the Exchange regarding 'Update on conversion of partly paid-up equity shares into fully paid-up equity shares, upon receipt of First and Final Call'.",2026-03-20 20:24:16+05:30
SHRIRAMFIN,"Certificate under SEBI (Depositories and Participants) Regulations, 2018",https://nsearchives.nseindia.com/corporate/Mathew_20032026203853_BSENSE_74-5_Upload_2032026.pdf,"Shriram Finance Limited has informed the Exchange about Certificate under SEBI (Depositories and Participants) Regulations, 2018",2026-03-20 20:39:43+05:30
SBIN,Allotment of Securities,https://nsearchives.nseindia.com/corporate/SBIN1_20032026212415_SE_Allotment_T2_20032026dsc.pdf,"State Bank Of India has informed the Exchange regarding allotment of 6051 securities pursuant to Non Convertible Securities at its meeting held on March 20, 2026",2026-03-20 21:25:28+05:30
POWERGRID,Investor Presentation,https://nsearchives.nseindia.com/corporate/POWERGRID1_23032026104611_BSENSEReg30dt23032026.pdf,Power Grid Corporation of India Limited has informed the Exchange about Investor Presentation,2026-03-23 10:46:23+05:30
TITAN,Trading Window,https://nsearchives.nseindia.com/corporate/TITAN_23032026112608_SEintimation.pdf,"Titan Company Limited has informed the Exchange regarding the Trading Window closure pursuant to SEBI (Prohibition of Insider Trading) Regulations, 2015",2026-03-23 11:26:25+05:30
BHARTIARTL,Press Release,https://nsearchives.nseindia.com/corporate/BHARTIARTL_23032026122721_BhartiAirtelPRReg30March23.pdf,"Bharti Airtel Limited has informed the Exchange regarding a press release dated March 23, 2026, titled ""Airtel brings faster speeds and wider 5G coverage to millions in Gujarat with 2,750+ new sites"".",2026-03-23 12:29:23+05:30
APOLLOHOSP,General Updates,https://nsearchives.nseindia.com/corporate/APOLLOHOSP_23032026123242_SE_Letter-IFC_EAF_0001.pdf,Apollo Hospitals Enterprise Limited has informed the Exchange about General Updates,2026-03-23 12:32:57+05:30
NTPC,Trading Window,https://nsearchives.nseindia.com/corporate/NTPC_23032026130824_20260323_STEX_TRADINGWINDOW.pdf,"NTPC Limited has informed the Exchange regarding the Trading Window closure pursuant to SEBI (Prohibition of Insider Trading) Regulations, 2015",2026-03-23 13:08:30+05:30
INFY,ESOP/ESOS/ESPS,https://nsearchives.nseindia.com/corporate/Infosys_23032026140356_ESOP_Allotment_Batch92.pdf,Infosys Limited has informed the Exchange regarding Allotment of 200596  Shares.,2026-03-23 14:05:55+05:30
WIPRO,Press Release,https://nsearchives.nseindia.com/corporate/Cslogin_23032026153722_PressRelease23032026.pdf,"Wipro Limited has informed the Exchange regarding a press release dated March 23, 2026, titled ""Wipro Expands Strategic Presence in South Korea, Launches Innovation Lab in Seoul"".",2026-03-23 15:37:57+05:30
POWERGRID,Trading Window,https://nsearchives.nseindia.com/corporate/POWERGRID1_23032026154245_NSEBSEClosure23032026.pdf,"Power Grid Corporation of India Limited has informed the Exchange regarding the Trading Window closure pursuant to SEBI (Prohibition of Insider Trading) Regulations, 2015",2026-03-23 15:43:27+05:30
BAJFINANCE,Issue of Securities,https://nsearchives.nseindia.com/corporate/BAJFINANCE_23032026162130_BFLIssueofSecurities_signed_for_upload.pdf,Bajaj Finance Limited has informed the Exchange about issue of Securities,2026-03-23 16:21:43+05:30
HDFCBANK,News Verification,-,The Exchange has sought clarification from HDFC Bank Limited with respect to recent news item captioned HDFC Bank shares in focus after report of lender firing three senior executives.  The response from the Company is awaited.,2026-03-23 16:35:52+05:30
TATASTEEL,News Verification,-,The Exchange has sought clarification from Tata Steel Limited with respect to recent news item captioned Hindustan Zinc partners with Tata Steel to integrate low carbon zinc into sustainable steel manufacturing.  The response from the Company is awaited.,2026-03-23 16:34:00+05:30
NESTLEIND,General Updates,https://nsearchives.nseindia.com/corporate/NESTLEIND1_23032026171927_Investor_Meet_Outcome_23Mar2026signed.pdf,Nestle India Limited has informed the Exchange about Update on a one-on-one meet (virtual) with an institutional investor held on 23rd March 2026,2026-03-23 17:20:02+05:30
DRREDDY,Trading Window,https://nsearchives.nseindia.com/corporate/DRREDDY_23032026173713_DRL_SE_Intimation_Trading_window_clsoure_23032026.pdf,"Dr. Reddy's Laboratories Limited has informed the Exchange regarding the Trading Window closure pursuant to SEBI (Prohibition of Insider Trading) Regulations, 2015",2026-03-23 17:37:22+05:30
TATACONSUM,Trading Window,https://nsearchives.nseindia.com/corporate/Kajal_23032026181002_SEIntimation_TradingWindowClosure_sd.pdf,"TATA CONSUMER PRODUCTS LIMITED has informed the Exchange regarding the Trading Window closure pursuant to SEBI (Prohibition of Insider Trading) Regulations, 2015",2026-03-23 18:10:28+05:30
HINDALCO,Trading Window,https://nsearchives.nseindia.com/corporate/HINDALCOIND_23032026184507_BM_Intimation_230326_signed.pdf,"Hindalco Industries Limited has informed the Exchange regarding the Trading Window closure pursuant to SEBI (Prohibition of Insider Trading) Regulations, 2015",2026-03-23 18:45:44+05:30
GRASIM,Trading Window,https://nsearchives.nseindia.com/corporate/GRASIM_23032026184611_SEintimation.pdf,"Grasim Industries Limited has informed the Exchange regarding the Trading Window closure pursuant to SEBI (Prohibition of Insider Trading) Regulations, 2015",2026-03-23 18:46:21+05:30
M&M,Analysts/Institutional Investor Meet/Con. Call Updates,https://nsearchives.nseindia.com/corporate/AmitDodani_23032026192735_Concluded23032026.pdf,Mahindra & Mahindra Limited has informed the Exchange about Outcome of Analyst/Investor Meet,2026-03-23 19:27:56+05:30
INDIGO,Press Release,https://nsearchives.nseindia.com/corporate/Indigo1_23032026192508_SE_disclosure_23032026.pdf,"InterGlobe Aviation Limited has informed the Exchange regarding a press release dated March 23, 2026, titled ""IndiGo appoints Chief Strategy Officer"".",2026-03-23 19:27:18+05:30
INDIGO,Outcome of Board Meeting,https://nsearchives.nseindia.com/corporate/Indigo1_23032026191904_SE_disclosure_23032026.pdf,"InterGlobe Aviation Limited has informed the Exchange regarding Outcome of Board Meeting held on March 23, 2026.",2026-03-23 19:19:17+05:30
SBIN,Shareholders meeting,https://nsearchives.nseindia.com/corporate/SBIN_23032026194529_BSE_NSE_NoticeGP_15052026.pdf,"State Bank of India has informed the Exchange regarding Notice of General Meeting to be held on May 15, 2026",2026-03-23 19:46:34+05:30
COALINDIA,Updates,https://nsearchives.nseindia.com/corporate/COALINDIA_23032026195356_guarantee_of_CRAUL.pdf,"Coal India Limited has informed the Exchange regarding 'Regulation 30 of the SEBI (Listing Obligations and Disclosure Requirements) Regulations, 2015- Giving of guarantee to CIL Rajasthan Akshay Urja Limited (CRAUL), a subsidiary of CIL'.",2026-03-23 19:54:10+05:30
COALINDIA,Updates,https://nsearchives.nseindia.com/corporate/COALINDIA_23032026195025_Closure_of_MJSJ.pdf,"Coal India Limited has informed the Exchange regarding 'Regulation 30 of the SEBI (Listing Obligations and Disclosure Requirements) Regulations, 2015- Closure of step-down subsidiary'.",2026-03-23 19:50:34+05:30
COALINDIA,Updates,https://nsearchives.nseindia.com/corporate/COALINDIA_23032026195757_Intimation_of_Sigapore.pdf,Coal India Limited has informed the Exchange regarding 'Incorporation of an Intermediate Holding Company (IHC) at Singapore '.,2026-03-23 19:58:07+05:30
COALINDIA,Updates,https://nsearchives.nseindia.com/corporate/COALINDIA_23032026200426_MCL_dis.pdf,"Coal India Limited has informed the Exchange regarding 'In-principle approval for divestment up to 25% equity shares of Coal India Limited (CIL) in Mahanadi Coalfields Limited (MCL), a wholly owned subsidiary of Coal India Limited'.",2026-03-23 20:04:46+05:30
COALINDIA,Updates,https://nsearchives.nseindia.com/corporate/COALINDIA_23032026200606_SECL_dis.pdf,Coal India Limited has informed the Exchange regarding 'In-principle approval for disinvestment of South Eastern Coalfields Limited (SECL) through Offer for Sale (OFS) of up to 25% equity by CIL and fresh issue of up to 10% equity shares by SECL'.,2026-03-23 20:06:31+05:30
KOTAKBANK,ESOP/ESOS/ESPS,https://nsearchives.nseindia.com/corporate/Kotakmahindrabank_23032026205526_SEIntESOPAllotment23032026.pdf,Kotak Mahindra Bank Limited has informed the Exchange regarding Allotment of 7945  Shares.,2026-03-23 20:55:36+05:30
TMPV,Analysts/Institutional Investor Meet/Con. Call Updates,https://nsearchives.nseindia.com/corporate/TATAMOTORSSJS_23032026211223_nsebse.pdf,Tata Motors Passenger Vehicles Limited has informed the Exchange about Tata Motors Passenger Vehicles Group Investor Day which is scheduled to be held in the month of June 2026.,2026-03-23 21:13:47+05:30
POWERGRID,Analysts/Institutional Investor Meet/Con. Call Updates,https://nsearchives.nseindia.com/corporate/POWERGRID1_23032026222548_BSENSEReg30AudioRecorddt23032026.pdf,Power Grid Corporation of India Limited has informed the Exchange about Link of Recording,2026-03-23 22:26:03+05:30
HDFCBANK,News Verification,https://nsearchives.nseindia.com/corporate/HDFCBANK3_23032026234347_NSE-_Rumour.pdf,The Exchange has sought clarification from HDFC Bank Limited with respect to recent news item captioned HDFC Bank shares in focus after report of lender firing three senior executives.  The response from the Company is attached.,2026-03-23 23:44:15+05:30
HDFCBANK,Updates,https://nsearchives.nseindia.com/corporate/HDFCBANK3_24032026062730_SE_intimation_-_external_law_firm_review_-_Final.pdf,HDFC Bank Limited has informed the Exchange regarding 'Appointment of external law firms '.,2026-03-24 06:27:50+05:30
LT,ESOP/ESOS/ESPS,https://nsearchives.nseindia.com/corporate/PAM_24032026111916_ESOPAllotment24032026.pdf,Larsen & Toubro Limited has informed the Exchange regarding Allotment of 20661  Shares.,2026-03-24 11:19:48+05:30
TATASTEEL,News Verification,https://nsearchives.nseindia.com/corporate/NIDHIFADNAVIS_24032026121625_NSE-Clarification.pdf,The Exchange has sought clarification from Tata Steel Limited with respect to recent news item captioned Hindustan Zinc partners with Tata Steel to integrate low carbon zinc into sustainable steel manufacturing.  The response from the Company is attached.,2026-03-24 12:17:14+05:30
ADANIENT,General Updates,https://nsearchives.nseindia.com/corporate/kuntal_chandya_adani_com_24032026123409_MCM_Outcome.pdf,Outcome of Management Committee Meeting of Board of Directors - Early fullredemption of Non-Convertible Debentures,2026-03-24 12:36:32+05:30
SBIN,Updates,https://nsearchives.nseindia.com/corporate/SBIN1_24032026130130_SE_DISCLOSUREdsc.pdf,State Bank Of India has informed the Exchange regarding 'Updates'.,2026-03-24 13:02:46+05:30
NTPC,Updates,https://nsearchives.nseindia.com/corporate/NTPC_24032026134201_20260323_STEX_ESGRATING.pdf,NTPC Limited has informed the Exchange regarding 'ESG rating by ESG Risk Assessments & Insights Limited'.,2026-03-24 13:42:39+05:30
HDFCBANK,ESOP/ESOS/ESPS,https://nsearchives.nseindia.com/corporate/HDFCBANK_24032026134622_SELetterESOP24032026.pdf,HDFC Bank Limited has informed the Exchange regarding Allotment of  1385694  Shares.,2026-03-24 13:46:55+05:30
MARUTI,Capacity addition,https://nsearchives.nseindia.com/corporate/MARUTIASHISH_24032026142443_StxIntimation_CapacityAddition_24March2026.pdf,Maruti Suzuki India Limited has informed the Exchange about Capacity addition,2026-03-24 14:25:16+05:30
MARUTI,Change in Management,https://nsearchives.nseindia.com/corporate/MARUTIASHISH_24032026142831_StxIntimation_ChangeinSMP_24Mar2026.pdf,Maruti Suzuki India Limited has informed the Exchange about change in Management,2026-03-24 14:29:29+05:30
TATACONSUM,General Updates,https://nsearchives.nseindia.com/corporate/Sukhvinder_24032026142724_TCPL_ESG_Rating_Intimation.pdf,TATA CONSUMER PRODUCTS LIMITED has informed the Exchange about MSCI ESG Ratings Updates,2026-03-24 14:28:58+05:30
TATACONSUM,Action(s) taken or orders passed,https://nsearchives.nseindia.com/corporate/Sukhvinder_24032026143819_SE_Intimation_Income_Tax_order.pdf,TATA CONSUMER PRODUCTS LIMITED has informed the Exchange about Action(s) taken or orders passed,2026-03-24 14:39:00+05:30
LT,Trading Window,https://nsearchives.nseindia.com/corporate/PAM_24032026143432_FixedClosedPeriod24032026.pdf,"Larsen & Toubro Limited has informed the Exchange regarding the Trading Window closure pursuant to SEBI (Prohibition of Insider Trading) Regulations, 2015",2026-03-24 14:34:48+05:30
APOLLOHOSP,Trading Window,https://nsearchives.nseindia.com/corporate/APOLLOHOSP_24032026144006_SE_Letter-Trading_window_0001.pdf,"Apollo Hospitals Enterprise Limited has informed the Exchange regarding the Trading Window closure pursuant to SEBI (Prohibition of Insider Trading) Regulations, 2015",2026-03-24 14:40:21+05:30
INFY,Updates,https://nsearchives.nseindia.com/corporate/Infosys_24032026153246_PR_24032026.pdf,Infosys Limited has informed the Exchange regarding 'Infosys and University of Nottingham Extend Strategic Collaboration to Strengthen Digital Infrastructure for Student Management System'.,2026-03-24 15:33:04+05:30
ITC,Copy of Newspaper Publication,https://nsearchives.nseindia.com/corporate/ITC_24032026154843_SEIntimation.pdf,ITC Limited has informed the Exchange about Copy of Newspaper Publication,2026-03-24 15:48:57+05:30
M&M,Trading Window,https://nsearchives.nseindia.com/corporate/ferozebaria_24032026161704_SEIntimationBoardMeeting05052026.pdf,"Mahindra & Mahindra Limited has informed the Exchange regarding the Trading Window closure pursuant to SEBI (Prohibition of Insider Trading) Regulations, 2015",2026-03-24 16:17:19+05:30
TITAN,Shareholders meeting,https://nsearchives.nseindia.com/corporate/TITAN003_24032026161551_TitanPBintimation.pdf,"Titan Company Limited has submitted the Exchange a copy Srutinizers report of  Postal Ballot. Further, the company has informed the Exchange regarding voting results.",2026-03-24 16:17:03+05:30
ADANIENT,Acquisition,https://nsearchives.nseindia.com/corporate/kuntal_chandya_adani_com_24032026163218_Share_Acq-Completion_IANS_and_AMG_Media_-_NG.pdf,Completion of acquisition of IANS India Private Limited,2026-03-24 16:32:37+05:30
M&M,General Updates,https://nsearchives.nseindia.com/corporate/ferozebaria_24032026162948_SEIntimationBoardMeeting05052026.pdf,"Mahindra & Mahindra Limited has informed the Exchange about the Board at its Meeting to be held on 5th May 2026 to, inter alia, Consider and recommend Dividend, if any, on Equity Shares of the Company for the Financial Year ending 31st March 2026.",2026-03-24 16:30:04+05:30
HDFCLIFE,General Updates,https://nsearchives.nseindia.com/corporate/PRASAD_24032026162715_Incometaxorder.pdf,HDFC Life Insurance Company Limited has informed the Exchange about Income Tax Order,2026-03-24 16:27:32+05:30
HCLTECH,Trading Window,https://nsearchives.nseindia.com/corporate/HCLTECH_24032026165723_Trading_Window.pdf,"HCL Technologies Limited has informed the Exchange regarding the Trading Window closure pursuant to SEBI (Prohibition of Insider Trading) Regulations, 2015",2026-03-24 16:58:04+05:30
LT,Updates,https://nsearchives.nseindia.com/corporate/PAM_24032026170040_SiliconchIntimation240326.pdf,"Larsen & Toubro Limited has informed the Exchange regarding 'Amalgamation of SiliConch Systems Private Limited, a step-down subsidiary of the Company with L&T Semiconductor Technologies Limited a wholly owned subsidiary'.",2026-03-24 17:01:25+05:30
TATASTEEL,Acquisition,https://nsearchives.nseindia.com/corporate/NIDHIFADNAVIS_24032026171451_BSENSE.pdf,Tata Steel Limited has informed the Exchange about acquisition of equity stake in T Steel Holdings Pte. Ltd,2026-03-24 17:26:14+05:30
SBIN,Copy of Newspaper Publication,https://nsearchives.nseindia.com/corporate/SBIN_24032026172418_BSE_NSE_GMNotice_Newspaper_24032026.pdf,State Bank Of India has informed the Exchange about Copy of Newspaper Publication,2026-03-24 17:25:18+05:30
WIPRO,Updates,https://nsearchives.nseindia.com/corporate/Cslogin_24032026174310_SEIntimation24032026.pdf,Wipro Limited has informed the Exchange regarding 'Grant of Restricted Stock Units'.,2026-03-24 17:43:38+05:30
NESTLEIND,Trading Window,https://nsearchives.nseindia.com/corporate/NESTLEIND1_24032026175146_TradingWindowClosureSEintimation24032026signed.pdf,"Nestle India Limited has informed the Exchange regarding the Trading Window closure pursuant to SEBI (Prohibition of Insider Trading) Regulations, 2015",2026-03-24 17:52:08+05:30
AXISBANK,ESOP/ESOS/ESPS,https://nsearchives.nseindia.com/corporate/AXISBANK1_24032026183232_SE24032026.pdf,Axis Bank Limited has informed the Exchange regarding Allotment of 197871  Shares.,2026-03-24 18:33:06+05:30
M&M,Updates,https://nsearchives.nseindia.com/corporate/ferozebaria_24032026184929_Employeeslist24032026.pdf,Mahindra & Mahindra Limited has informed the Exchange regarding 'Transfer of Equity Shares by Mahindra & Mahindra Employees  Stock Option Trust to the Stock Option Grantees'.,2026-03-24 18:49:37+05:30
TATASTEEL,Trading Window,https://nsearchives.nseindia.com/corporate/NIDHIFADNAVIS_24032026185914_BSENSE_Signed.pdf,"Tata Steel Limited has informed the Exchange regarding the Trading Window closure pursuant to SEBI (Prohibition of Insider Trading) Regulations, 2015",2026-03-24 19:00:34+05:30
TMPV,Trading Window,https://nsearchives.nseindia.com/corporate/TATAMOTORSSJS_24032026190422_NSEBSELETTERtradingwindowPV.pdf,"Tata Motors Passenger Vehicles Limited has informed the Exchange regarding the Trading Window closure pursuant to SEBI (Prohibition of Insider Trading) Regulations, 2015",2026-03-24 19:04:29+05:30
DRREDDY,Updates,https://nsearchives.nseindia.com/corporate/DRREDDY_24032026192601_SE_intimation_fair_disclosure_signed.pdf,Dr. Reddy's Laboratories Limited has informed the Exchange regarding 'Revised  Code of Practices and Procedures for Fair Disclosures of Un-published Price Sensitive Information.',2026-03-24 19:26:12+05:30
ASIANPAINT,Amalgamation/Merger,https://nsearchives.nseindia.com/corporate/ASIANPAINT_24032026214017_SEintimationnovaharindmerger.pdf,"Board of Directors of Harind Chemicals and Pharmaceuticals Private Limited ( Harind ), a subsidiary of the Company, and Nova Surface-Care Centre Private Limited ( Nova ), a wholly-owned subsidiary of Harind, at their respective meetings held today i.e., Tuesday, 24th March 2026, have, inter alia, approved the Scheme of Amalgamation of Nova ( Transferor Company ) with Harind (""Transferee Company"").",2026-03-24 21:41:27+05:30
KOTAKBANK,General Updates,https://nsearchives.nseindia.com/corporate/KOTAK_24032026210855_LODRupdateInfina2403.pdf,Update - Completion of sale of stake in Infina Finance Private Limited,2026-03-24 21:09:08+05:30
KOTAKBANK,General Updates,https://nsearchives.nseindia.com/corporate/KOTAK_24032026205552_KMBLSEDisclosure24Mar2026.pdf,Update on Kotak Mahindra Investments Limited,2026-03-24 20:56:03+05:30
POWERGRID,Analysts/Institutional Investor Meet/Con. Call Updates,https://nsearchives.nseindia.com/corporate/POWERGRID1_24032026223754_BSENSEVRWebdt24032026.pdf,Power Grid Corporation of India Limited has informed the Exchange about Link of Video Recording,2026-03-24 22:38:55+05:30
LT,Bagging/Receiving of orders/contracts,https://nsearchives.nseindia.com/corporate/PAM_25032026095148_PressRelease25032026.pdf,Larsen & Toubro Limited has informed the Exchange about Bagging/Receiving of orders/contracts,2026-03-25 09:52:11+05:30
INFY,Updates,https://nsearchives.nseindia.com/corporate/Infosys_25032026105841_PR_25032026.pdf,Infosys Limited has informed the Exchange regarding 'Infosys Finacle to Power Digital Transformation for Producers Savings Bank Corporation in the Philippines'.,2026-03-25 11:00:09+05:30
ICICIBANK,ESOP/ESOS/ESPS,https://nsearchives.nseindia.com/corporate/ICICIBANK1_25032026114617_Lettertoexchange.pdf,ICICI Bank Limited has informed the Exchange regarding Allotment of 1213683  Shares.,2026-03-25 11:46:33+05:30
BHARTIARTL,Updates,https://nsearchives.nseindia.com/corporate/BHARTIARTL_25032026124747_BhartiAirtelAnncMarch25.pdf,"Bharti Airtel Limited has informed the Exchange regarding an announcement as issued by Airtel Africa plc, subsidiary of the Company.",2026-03-25 12:48:05+05:30
ADANIENT,Updates,https://nsearchives.nseindia.com/corporate/nishant_joshi_adani_com_25032026130644_AELIntimationRedemption25032026.pdf,Adani Enterprises Limited has informed the Exchange regarding 'Intimation of early full redemption of NCDs by the Company.'.,2026-03-25 13:06:53+05:30
INFY,Updates,https://nsearchives.nseindia.com/corporate/Infosys_25032026153613_PR_25032026_2.pdf,"Infosys Limited has informed the Exchange regarding 'Infosys Recognized as a Leader in Inaugural AI Technical Services, Q4 2025 Analyst Report'.",2026-03-25 15:36:30+05:30
COALINDIA,Updates,https://nsearchives.nseindia.com/corporate/COALINDIA_25032026161724_prospectus_CMPDIL.pdf,"Coal India Limited has informed the Exchange regarding ''.Initial Public Offering ( IPO ) Of Equity Shares of Face Value Rs. 2 Each ( Equity Shares ) Of Central Mine Planning & Design Institute Limited, A Subsidiary of Coal India Limited ( Company )-Filing of Prospectus",2026-03-25 16:18:55+05:30
TATASTEEL,Copy of Newspaper Publication,https://nsearchives.nseindia.com/corporate/NIDHIFADNAVIS_25032026162032_BSENSE.pdf,Tata Steel Limited has informed the Exchange about Copy of Newspaper Publication,2026-03-25 16:21:13+05:30
TITAN,Change in Management,https://nsearchives.nseindia.com/corporate/TITAN_25032026165542_SEIntimationSMPchange.pdf,Titan Company Limited has informed the Exchange about Change in Senior Management Personnel,2026-03-25 16:56:06+05:30
SHRIRAMFIN,Copy of Newspaper Publication,https://nsearchives.nseindia.com/corporate/Mathew_25032026170051_NSEBSE_Reg_30_Newspaper_Advertisement_Finalsigned.pdf,Shriram Finance Limited intimation to Stock Exchange about extract of Notice to Shareholders regarding Special Window for Transfer and Dematerialisation of Physical Securities,2026-03-25 17:01:20+05:30
COALINDIA,Trading Window,https://nsearchives.nseindia.com/corporate/COALINDIA_25032026171702_Letter_Stock_Exchange__1_.pdf,"Coal India Limited has informed the Exchange regarding the Trading Window closure pursuant to SEBI (Prohibition of Insider Trading) Regulations, 2015",2026-03-25 17:17:20+05:30
TATACONSUM,General Updates,https://nsearchives.nseindia.com/corporate/Sukhvinder_25032026172337_SE_Intimation_IEPF_Reminder_Letters_sd.pdf,TATA CONSUMER PRODUCTS LIMITED has informed the Exchange about Reminder letters to shareholders for claiming unclaimed dividends,2026-03-25 17:23:46+05:30
TITAN,Appointment,https://nsearchives.nseindia.com/corporate/TITAN_25032026172738_SEIntimationSrinivasan.pdf,"Titan Company Limited has informed the Exchange regarding Appointment of  Mr. Srinivasan Varadarajan as Non- Executive Independent Director of the company w.e.f. April 01, 2026.",2026-03-25 17:28:06+05:30
ONGC,Trading Window,https://nsearchives.nseindia.com/corporate/ONGC_25032026173945_stockexchange2627.pdf,"Oil & Natural Gas Corporation Limited has informed the Exchange regarding the Trading Window closure pursuant to SEBI (Prohibition of Insider Trading) Regulations, 2015",2026-03-25 17:40:10+05:30
ITC,Trading Window,https://nsearchives.nseindia.com/corporate/ITC_25032026174430_ClosureofTW.pdf,"ITC Limited has informed the Exchange regarding the Trading Window closure pursuant to SEBI (Prohibition of Insider Trading) Regulations, 2015",2026-03-25 17:44:44+05:30
KOTAKBANK,Shareholders meeting,https://nsearchives.nseindia.com/corporate/Kotakmahindrabank_25032026180441_PostalBallotNoticeSEIntimation25032026.pdf,Kotak Mahindra Bank Limited has informed the Exchange regarding Notice of Postal Ballot,2026-03-25 18:04:49+05:30
ICICIBANK,General Updates,https://nsearchives.nseindia.com/corporate/ICICIBANK1_25032026183337_NSEBSE.pdf,"ICICI Bank Limited has informed the Exchange about disclosure under Regulation 30 of the SEBI (Listing Obligations and Disclosure Requirements) Regulations,  2015.",2026-03-25 18:34:20+05:30
MARUTI,General Updates,https://nsearchives.nseindia.com/corporate/MARUTIASHISH_25032026184315_CCI_Intimation_25032026_Signed.pdf,"Maruti Suzuki India Limited has informed the Exchange about Intimation under Regulation 30 of the Securities and Exchange Board of India (Listing Obligations and Disclosure Requirements) Regulations, 2015",2026-03-25 18:45:25+05:30
AXISBANK,Trading Window,https://nsearchives.nseindia.com/corporate/AXISBANK1_25032026185901_SEIntimationTWCQ4Signed.pdf,"Axis Bank Limited has informed the Exchange regarding the Trading Window closure pursuant to SEBI (Prohibition of Insider Trading) Regulations, 2015",2026-03-25 19:00:22+05:30
ULTRACEMCO,Action(s) taken or orders passed,https://nsearchives.nseindia.com/corporate/ULTRACEMCO1_25032026190631_GST_Order.pdf,"UltraTech Cement Limited has informed the Exchange about order passed by Deputy Commissioner, State Goods and Services Tax, Maharashtra",2026-03-25 19:06:45+05:30
SHRIRAMFIN,General Updates,https://nsearchives.nseindia.com/corporate/Mathew_25032026193428_BSENSEIntimationofCCIApproval.pdf,Shriram Finance Limited has informed the Exchange about Approval received by MUFG Bank Ltd from the Competition Commission of India in relation to its proposed investment in Shriram Finance Limited,2026-03-25 19:35:01+05:30
TATASTEEL,Pendency of Litigation(s)/dispute(s) or the outcome impacting the Company,https://nsearchives.nseindia.com/corporate/NIDHIFADNAVIS_25032026193612_BSENSE.pdf,Tata Steel Limited has informed the Exchange about Pendency of Litigation(s)/dispute(s) or the outcome impacting the Company,2026-03-25 19:40:25+05:30
ICICIBANK,General Updates,https://nsearchives.nseindia.com/corporate/ICICIBANK1_25032026194258_BSENSE.pdf,"ICICI Bank Limited has informed the Exchange about disclosure under Regulation 30 read with para A Schedule III and Regulation 46(2) of the SEBI (Listing Obligations and Disclosure Requirements) Regulations, 2015",2026-03-25 19:44:21+05:30
SBILIFE,Trading Window,https://nsearchives.nseindia.com/corporate/SBILIFE_25032026195727_CTW25032026_signed.pdf,"SBI Life Insurance Company Limited has informed the Exchange regarding the Trading Window closure pursuant to SEBI (Prohibition of Insider Trading) Regulations, 2015",2026-03-25 19:58:19+05:30
JSWSTEEL,General Updates,https://nsearchives.nseindia.com/corporate/jessydenny_25032026203314_Updates_MdR.pdf,Update on Acquisition of 92.19% equity stake and shareholders loans of Minas de Revuboe Limitada,2026-03-25 20:33:30+05:30
SUNPHARMA,Trading Window,https://nsearchives.nseindia.com/corporate/SUNSEC_25032026204140_SEintimationforCTW.pdf,"Sun Pharmaceutical Industries Limited has informed the Exchange regarding the Trading Window closure pursuant to SEBI (Prohibition of Insider Trading) Regulations, 2015",2026-03-25 20:41:52+05:30
JIOFIN,Acquisition,https://nsearchives.nseindia.com/corporate/JIOFINANCIAL_25032026213255_JFSL.pdf,Investment in Reliance International Leasing IFSC Private Limited by Jio Leasing Services Limited,2026-03-25 21:33:48+05:30
INFY,General Updates,https://nsearchives.nseindia.com/corporate/INFY_25032026221610_BM_Outcome_March252026.pdf,Infosys Limited has informed the Exchange about Acquisition,2026-03-25 22:27:09+05:30
MAXHEALTH,General Updates,https://nsearchives.nseindia.com/corporate/MAXHEALTH_25032026224421_SE_Intimation_ET_Planners_Liquidation_NCLT.pdf,Max Healthcare Institute Limited has informed the Exchange regarding Hon'ble National Company Law Tribunal order for voluntary liquidation of ET Planners Private Limited,2026-03-25 22:44:58+05:30
TATACONSUM,Copy of Newspaper Publication,https://nsearchives.nseindia.com/corporate/Sukhvinder_26032026110754_SE_Newspaper_Intimation_IEPF_Reminder_letters.pdf,TATA CONSUMER PRODUCTS LIMITED has informed the Exchange about Copy of Newspaper Publication,2026-03-26 11:08:18+05:30
NTPC,General Updates,https://nsearchives.nseindia.com/corporate/NTPC_26032026114959_20260326_STEX_ESGRATING_UPGRADATION.pdf,NTPC Limited has informed the Exchange about ESG Rating,2026-03-26 11:50:13+05:30
EICHERMOT,Trading Window,https://nsearchives.nseindia.com/corporate/EICHERMOT_26032026123026_EMLClosureoftradingWindowMarch2026Signed.pdf,"Eicher Motors Limited has informed the Exchange regarding the Trading Window closure pursuant to SEBI (Prohibition of Insider Trading) Regulations, 2015",2026-03-26 12:31:08+05:30
BAJAJ-AUTO,Press Release,https://nsearchives.nseindia.com/corporate/lkwalimbe_bajajauto_co_in_26032026124122_SE_BMAG_PR_Annual_Report_Mar_26_Signed.pdf,"Bajaj Auto Limited has informed the Exchange regarding ad hoc announcement / press release issued by Bajaj Mobility AG (formerly PIERER Mobility AG), a step-down subsidiary of Bajaj Auto Limited titled: a. Bajaj Mobility AG confirms revenue and earnings for 2025 and publishes the annual report 2025. b. Bajaj Mobility AG annual financial report 2025 - Successful Turnaround Following an Intensive Year of Restructuring - Operational Stabilization and Record Motorsport Season.",2026-03-26 12:41:30+05:30
PNB,Trading Window,https://nsearchives.nseindia.com/corporate/pnb2_26032026125814_Intimation_Closure_of_trading_window_26032026_DS.pdf,"Punjab National Bank has informed the Exchange regarding the Trading Window closure pursuant to SEBI (Prohibition of Insider Trading) Regulations, 2015",2026-03-26 12:59:24+05:30
HINDZINC,Trading Window,https://nsearchives.nseindia.com/corporate/HINDZINCNSE_26032026130339_SEIntimationtradingwindowclosure.pdf,"Hindustan Zinc Limited has informed the Exchange regarding the Trading Window closure pursuant to SEBI (Prohibition of Insider Trading) Regulations, 2015",2026-03-26 13:03:48+05:30
LTM,Press Release,https://nsearchives.nseindia.com/corporate/LTI_26032026134843_SEIntimationmarch26.pdf,"LTM Limited has informed the Exchange regarding a press release dated March 26, 2026, titled ""LTM Positioned as a Leader in ISG s Provider LensTM Evaluation for Oracle Cloud and Technology Ecosystem 2025"".",2026-03-26 13:50:11+05:30
SOLARINDS,Trading Window,https://nsearchives.nseindia.com/corporate/SOLARINDS_26032026142351_Signed_Intimation_of_COTW.pdf,"Solar Industries India Limited has informed the Exchange regarding the Trading Window closure pursuant to SEBI (Prohibition of Insider Trading) Regulations, 2015",2026-03-26 14:24:44+05:30
DRREDDY,Updates,https://nsearchives.nseindia.com/corporate/DRREDDY_26032026143314_SE_Intimation_Allotment_of_ESOP_26032026.pdf,Dr. Reddy's Laboratories Limited has informed the Exchange regarding 'Allotment of Employee Stock Options'.,2026-03-26 14:33:24+05:30
KOTAKBANK,Copy of Newspaper Publication,https://nsearchives.nseindia.com/corporate/Kotakmahindrabank_26032026143709_Postal_Ballot_Notice_SE_Intimation_26032026.pdf,Clippings of Notice published in Newspapers,2026-03-26 14:37:25+05:30
ULTRACEMCO,Updates,https://nsearchives.nseindia.com/corporate/ULTRACEMCO1_26032026143501_SettlementProceedings.pdf,UltraTech Cement Limited has informed the Exchange regarding 'Company Update: Settlement Proceedings '.,2026-03-26 14:37:30+05:30
KOTAKBANK,Copy of Newspaper Publication,https://nsearchives.nseindia.com/corporate/Kotakmahindrabank_26032026145758_SEIntimationNewspaperpublicationrelodgementoftransferrequestsMar262026.pdf,Newspaper Clipping - Special Window for Transfer and Dematerialisation of Physical Securities of the Bank,2026-03-26 14:58:13+05:30
ITC,Sale or disposal,https://nsearchives.nseindia.com/corporate/ITC_26032026152230_SE_Blazeclan_.pdf,"ITC Limited has informed the Exchange about dissolution of Blazeclan Americas Inc., a step-down subsidiary",2026-03-26 15:22:46+05:30
MAZDOCK,Trading Window,https://nsearchives.nseindia.com/corporate/MAZDOCK_26032026152548_SE_Discl_Trading_Window_Closure_March_2026.pdf,"Mazagon Dock Shipbuilders Limited has informed the Exchange regarding the Trading Window closure pursuant to SEBI (Prohibition of Insider Trading) Regulations, 2015",2026-03-26 15:27:12+05:30
HCLTECH,Updates,https://nsearchives.nseindia.com/corporate/HCLTECH_26032026154422_Release26March2026.pdf,"HCL Technologies Limited has informed the Exchange regarding 'Release   ""HCLTech recognized by Hurun and S&P for sustainability initiatives""'.",2026-03-26 15:44:55+05:30
BHARTIARTL,Action(s) taken or orders passed,https://nsearchives.nseindia.com/corporate/BHARTIARTL_26032026160957_Bharti_Airtel_-_Reg_30.pdf,Bharti Airtel Limited has informed the Exchange about Action(s) taken or orders passed,2026-03-26 16:11:52+05:30
HDFCBANK,Change in Director(s),https://nsearchives.nseindia.com/corporate/HDFCBANK3_26032026161515_SE-Intimation-Sunita_re-appointment.pdf,HDFC Bank Limited has informed the Exchange regarding Change in Director(s) of the company.,2026-03-26 16:15:59+05:30
BHARTIARTL,Trading Window,https://nsearchives.nseindia.com/corporate/BHARTIARTL_26032026170456_Trading_Window_Closure_-_STX_Intimation_f.pdf,"Bharti Airtel Limited has informed the Exchange regarding the Trading Window closure pursuant to SEBI (Prohibition of Insider Trading) Regulations, 2015",2026-03-26 17:06:24+05:30
ULTRACEMCO,Action(s) taken or orders passed,https://nsearchives.nseindia.com/corporate/ULTRACEMCO1_26032026171956_GSTOrder26032026.pdf,UltraTech Cement Limited has informed the Exchange about Action(s) taken or orders passed,2026-03-26 17:20:12+05:30
HAVELLS,Copy of Newspaper Publication,https://nsearchives.nseindia.com/corporate/HAVELLS1_26032026172808_NewspaperClippings_26032026.pdf,Havells India Limited has informed the Exchange about Copy of Newspaper Publication,2026-03-26 17:28:17+05:30
JSWENERGY,General Updates,https://nsearchives.nseindia.com/corporate/KRUTIKAJSWEL_26032026174045_Draft_Stock_Exchange_Disclosure_25_March_2026.pdf,"JSW Energy Limited has informed the Exchange about material litigation under Regulation 30(4) of the Securities Exchange Board of India (Listing Obligations and Disclosure Requirements) Regulations, 2015 ( Listing Regulations )- Update",2026-03-26 17:41:28+05:30
DMART,Updates,https://nsearchives.nseindia.com/corporate/DMART_26032026174631_ASLInitmationStoreOpening26032026.pdf,Avenue Supermarts Limited has informed the Exchange regarding 'Store Opening Intimation'.,2026-03-26 17:46:41+05:30
BAJAJHFL,Trading Window,https://nsearchives.nseindia.com/corporate/BHFL_26032026180039_BHFL_Intimation_for_closure_of_trading_window.pdf,"Bajaj Housing Finance Limited has informed the Exchange regarding the Trading Window closure pursuant to SEBI (Prohibition of Insider Trading) Regulations, 2015",2026-03-26 18:01:09+05:30
VEDL,Trading Window,https://nsearchives.nseindia.com/corporate/VEDL_26032026175946_VEDLSEIntimationTradingWindowClosureQ4FY26signed.pdf,"Vedanta Limited has informed the Exchange regarding the Trading Window closure pursuant to SEBI (Prohibition of Insider Trading) Regulations, 2015",2026-03-26 18:00:12+05:30
ADANIGREEN,Trading Window,https://nsearchives.nseindia.com/corporate/ADANIGREEN_26032026180525_Letter.pdf,"Adani Green Energy Limited has informed the Exchange regarding the Trading Window closure pursuant to SEBI (Prohibition of Insider Trading) Regulations, 2015",2026-03-26 18:05:46+05:30
BAJAJHLDNG,Trading Window,https://nsearchives.nseindia.com/corporate/BAJAJHLDNG_26032026181732_BHIL_-_Intimation_of_Trading_Window_Closure_1.pdf,"Bajaj Holdings & Investment Limited has informed the Exchange regarding the Trading Window closure pursuant to SEBI (Prohibition of Insider Trading) Regulations, 2015",2026-03-26 18:17:53+05:30
TRENT,Outcome of Board Meeting,https://nsearchives.nseindia.com/corporate/TRENT_26032026185357_Draft_Outcome_of_BM-NCD.pdf,"Trent Limited has informed the Exchange regarding Outcome of Board Meeting held on March 26, 2026.",2026-03-26 18:55:42+05:30
ASIANPAINT,Change in Auditors,https://nsearchives.nseindia.com/corporate/ASIANPAINT_26032026190014_Reg30StatAuditorAppointment26032026.pdf,Asian Paints Limited has informed the Exchange regarding Change in Auditors of the company.,2026-03-26 19:01:12+05:30
INDIGO,Action(s) taken or orders passed,https://nsearchives.nseindia.com/corporate/Indigo1_26032026192448_SE_Tax_Disclosure_26032026.pdf,InterGlobe Aviation Limited has informed the Exchange about Action(s) taken or orders passed,2026-03-26 19:25:15+05:30
GODREJCP,Appointment,https://nsearchives.nseindia.com/corporate/GODREJCP_26032026192158_SE_Intimation-_M_Pradeep_Kumar-F-Signed.pdf,"Godrej Consumer Products Limited has informed the Exchange regarding Appointment of Mr M. Pradeep Kumar as Other of the company w.e.f. April 01, 2026.",2026-03-26 19:23:22+05:30
BAJAJFINSV,Trading Window,https://nsearchives.nseindia.com/corporate/walimbelk_26032026193815_BFSSEDraftTradingwindowintimationQ4FY26.pdf,"Bajaj Finserv Limited has informed the Exchange regarding the Trading Window closure pursuant to SEBI (Prohibition of Insider Trading) Regulations, 2015",2026-03-26 19:38:41+05:30
ZYDUSLIFE,Trading Window,https://nsearchives.nseindia.com/corporate/Cadilahc_26032026193431_IntimationofTradingWindowClosure.pdf,"Zydus Lifesciences Limited has informed the Exchange regarding the Trading Window closure pursuant to SEBI (Prohibition of Insider Trading) Regulations, 2015",2026-03-26 19:36:55+05:30
BAJFINANCE,Trading Window,https://nsearchives.nseindia.com/corporate/BAJFINANCE_26032026194526_BFL_TradingWindowClosure_March26.pdf,"Bajaj Finance Limited has informed the Exchange regarding the Trading Window closure pursuant to SEBI (Prohibition of Insider Trading) Regulations, 2015",2026-03-26 19:45:50+05:30
ICICIGI,ESOP/ESOS/ESPS,https://nsearchives.nseindia.com/corporate/ICICIGI_26032026195624_ESOSIntimationMarchIII.pdf,ICICI Lombard General Insurance Company Limited has informed the Exchange regarding Allotment of 132558   Shares.,2026-03-26 19:59:31+05:30
JSWENERGY,General Updates,https://nsearchives.nseindia.com/corporate/KRUTIKAJSWEL_26032026203357_JSWELIntimationRCRIPL.pdf,"JSW Energy Limited has informed the Exchange about acquisition of Raigarh Champa Rail Infrastructure Private Limited on implementation of the Resolution Plan under the Insolvency and Bankruptcy Code, 2016.",2026-03-26 20:34:14+05:30
CIPLA,Updates,https://nsearchives.nseindia.com/corporate/CIPLA_26032026203647_Stock_Exchange_intimation__Pradeep_Bhadauria_signed.pdf,"Mr Pradeep Bhadauria, Global Chief Scientific Officer has resigned to pursue interests outside Cipla and his last working day will be 31st March, 2026.",2026-03-26 20:38:57+05:30
JSWENERGY,Trading Window,https://nsearchives.nseindia.com/corporate/KRUTIKAJSWEL_26032026204523_LettertoBSEandNSETradingWindowClosureMarch2026.pdf,"JSW Energy Limited has informed the Exchange regarding the Trading Window closure pursuant to SEBI (Prohibition of Insider Trading) Regulations, 2015",2026-03-26 20:46:34+05:30
CIPLA,Shareholders meeting,https://nsearchives.nseindia.com/corporate/CIPLA_26032026221408_Signed_SE_intimation_-_Postal_ballot_voting_results.pdf,"Cipla Limited has submitted the Exchange a copy Srutinizers report of  Postal Ballot. Further, the company has informed the Exchange regarding voting results.",2026-03-26 22:14:45+05:30
HDFCBANK,Shareholders meeting,https://nsearchives.nseindia.com/corporate/HDFCBANK_27032026094940_SE_Intimation_PB_Notice_27032026.pdf,HDFC Bank Limited has informed the Exchange regarding Notice of Postal Ballot,2026-03-27 09:52:42+05:30
ZYDUSLIFE,Updates,https://nsearchives.nseindia.com/corporate/Cadilahc_27032026094843_SEIntimation27032026.pdf,"Zydus Lifesciences Limited has informed the Exchange regarding 'Reporting of violation of Code of Conduct under SEBI (Prohibition of Insider Trading) Regulations, 2015'.",2026-03-27 09:51:57+05:30
MAXHEALTH,Trading Window,https://nsearchives.nseindia.com/corporate/MAXHEALTH_26032026225326_SE_Intimation_Closure_of_Trading_Window.pdf,"Max Healthcare Institute Limited has informed the Exchange regarding the Trading Window closure pursuant to SEBI (Prohibition of Insider Trading) Regulations, 2015",2026-03-26 22:54:03+05:30
RELIANCE,Updates,https://nsearchives.nseindia.com/corporate/kavinavora_26032026224553_RIL_SE_260326.pdf,Statement,2026-03-26 22:48:00+05:30
BRITANNIA,Change in Management,https://nsearchives.nseindia.com/corporate/BRITANNIA1_27032026125321_Intimation_signed.pdf,"Pursuant to Regulation 30 read with Clause 7 of Para A of Part A of Schedule III of the SEBI Listing      Regulations, 2015, this is to inform you that Mr. Abhishek Sinha, Chief Sales Transformation Officer, has submitted his resignation to pursue an opportunity outside Britannia.",2026-03-27 12:54:16+05:30
COALINDIA,Press Release,https://nsearchives.nseindia.com/corporate/COALINDIA_27032026125334_press_merged.pdf,"Coal India Limited has informed the Exchange regarding a press release dated March 27, 2026, titled ""CIL s Rs.3300 Cr push for 8 new Coking Coal Washeries"".",2026-03-27 12:54:10+05:30
TCS,Analysts/Institutional Investor Meet/Con. Call Updates,https://nsearchives.nseindia.com/corporate/TCS_CORPCS_27032026130525_SEInt27032026_signed.pdf,Tata Consultancy Services Limited has informed the Exchange about Schedule of meet,2026-03-27 13:06:42+05:30
NAUKRI,Diversification/Disinvestment,https://nsearchives.nseindia.com/corporate/NAUKRI2_27032026135245_Stock_Exchange_Intimation_Outcome_A88_and_TIPL.pdf,"Info Edge (India) Limited has informed the Exchange about Disclosure under Regulation 30 of the Securities and Exchange Board of India (Listing Obligations and Disclosure Requirements) Regulations, 2015",2026-03-27 13:53:55+05:30
NAUKRI,Acquisition,https://nsearchives.nseindia.com/corporate/NAUKRI2_27032026134912_Stock_Exchange_Intimation_Outcome_A88_and_TIPL.pdf,"Info Edge (India) Limited has informed the Exchange about Disclosure under Regulation 30 of the Securities and Exchange Board of India (Listing Obligations and Disclosure Requirements) Regulations, 2015",2026-03-27 13:50:16+05:30
LODHA,Trading Window,https://nsearchives.nseindia.com/corporate/LODHA_27032026135948_LDL_Trading_window_Closure_27032026.pdf,"Lodha Developers Limited has informed the Exchange regarding the Trading Window closure pursuant to SEBI (Prohibition of Insider Trading) Regulations, 2015",2026-03-27 14:00:12+05:30
GAIL,Trading Window,https://nsearchives.nseindia.com/corporate/DEVIKA_27032026142224_Trading_window_plan.pdf,"GAIL (India) Limited has informed the Exchange regarding the Trading Window closure pursuant to SEBI (Prohibition of Insider Trading) Regulations, 2015",2026-03-27 14:22:41+05:30
ADANIPORTS,Updates,https://nsearchives.nseindia.com/corporate/rkbhagia_27032026150848_SEINTIMATION.pdf,Adani Ports and Special Economic Zone Limited has informed the Exchange regarding 'Media Release regarding  APSEZ sets up India s firstPort of Refuge to boost maritime safety. '.,2026-03-27 15:08:56+05:30
TVSMOTOR,Copy of Newspaper Publication,https://nsearchives.nseindia.com/corporate/TVSMOTOR_27032026152712_NSEBSEIntimation_SD.pdf,TVS Motor Company Limited has informed the Exchange about Copy of Newspaper Publication,2026-03-27 15:31:26+05:30
ENRIN,Trading Window,https://nsearchives.nseindia.com/corporate/ENRIN_27032026154139_ClosureofTradingWindow31032026.pdf,"Siemens Energy India Limited has informed the Exchange regarding the Trading Window closure pursuant to SEBI (Prohibition of Insider Trading) Regulations, 2015",2026-03-27 15:42:13+05:30
MARUTI,Trading Window,https://nsearchives.nseindia.com/corporate/MARUTIASHISH_27032026153652_STxIntimiation_TWClosure_27March2026.pdf,"Maruti Suzuki India Limited has informed the Exchange regarding the Trading Window closure pursuant to SEBI (Prohibition of Insider Trading) Regulations, 2015",2026-03-27 15:39:26+05:30
EICHERMOT,Press Release,https://nsearchives.nseindia.com/corporate/rahulrathore_royalenfield_com_27032026155728_EMLPRESSRELEASE.pdf,"Eicher Motors Limited has informed the Exchange regarding a press release dated March 27, 2026, titled ""THE 2026 ROYAL ENFIELD GUERRILLA 450: SPORTIER PERFORMANCE MEETS URBAN AGILITY"".",2026-03-27 15:57:41+05:30
BPCL,Shareholders meeting,https://nsearchives.nseindia.com/corporate/BPCL22_27032026155640_stexintimationofpostalballot27326s.pdf,Bharat Petroleum Corporation Limited has informed the Exchange regarding Notice of Postal Ballot,2026-03-27 15:56:48+05:30
JSWSTEEL,General Updates,https://nsearchives.nseindia.com/corporate/jessydenny_27032026161511_Update-BPSL.pdf,"Update on 50:50 JV between JSW Steel Limited and JFE Steel Corporation, for the Steel Business of Bhushan Power and Steel Limited.",2026-03-27 16:15:22+05:30
MAZDOCK,Updates,https://nsearchives.nseindia.com/corporate/MAZDOCK_27032026165517_Acquisition_of_further_stake_in_CDPLC.pdf,"Mazagon Dock Shipbuilders Limited has informed the Exchange regarding 'conclusion of further acquisition of 3,66,49,271 fully paid ordinary shares in Colombo Dockyard PLC (CDPLC), resulting in total acquisition of 51% stake as on date'.",2026-03-27 16:55:42+05:30
INDIGO,Trading Window,https://nsearchives.nseindia.com/corporate/Indigo1_27032026165258_SE_Intimation_Trading_Window_Closure.pdf,"InterGlobe Aviation Limited has informed the Exchange regarding the Trading Window closure pursuant to SEBI (Prohibition of Insider Trading) Regulations, 2015",2026-03-27 16:53:47+05:30
SIEMENS,Trading Window,https://nsearchives.nseindia.com/corporate/SIEMENS57_27032026165156_SEIntimation.pdf,"Siemens Limited has informed the Exchange regarding the Trading Window closure pursuant to SEBI (Prohibition of Insider Trading) Regulations, 2015",2026-03-27 16:52:04+05:30
HYUNDAI,Trading Window,https://nsearchives.nseindia.com/corporate/HMILNSE_27032026170053_Window_Closure.pdf,"Hyundai Motor India Limited has informed the Exchange regarding the Trading Window closure pursuant to SEBI (Prohibition of Insider Trading) Regulations, 2015",2026-03-27 17:01:30+05:30
TMPV,News Verification,https://nsearchives.nseindia.com/corporate/TATAMOTORSSJS_27032026171155_PVRumourVerification.pdf,The Exchange has sought clarification from Tata Motors Passenger Vehicles Limited with respect to recent news item captioned Tata-owned Jaguar Land Rover halts output at UK plant amid supplier disruption.  The response from the Company is attached.,2026-03-27 17:12:24+05:30
SBIN,Trading Window,https://nsearchives.nseindia.com/corporate/SBIN_27032026172735_BSE_NSE_TradingWindowClosure_27032026.pdf,"State Bank Of India has informed the Exchange regarding the Trading Window closure pursuant to SEBI (Prohibition of Insider Trading) Regulations, 2015",2026-03-27 17:27:48+05:30
COALINDIA,General Updates,https://nsearchives.nseindia.com/corporate/COALINDIA_27032026174318_signedletterincorporation.pdf,"Coal India Limited has informed the Exchange about General Updates-Regulation 30 of the SEBI (Listing Obligations and Disclosure Requirements) Regulations, 2015-Incorporation of Joint Venture Company i.e, DVC CIL Power Private Limited between Coal India Limited (CIL) and Damodar Valley Corporation (DVC).",2026-03-27 17:43:49+05:30
SBIN,Shareholders meeting,https://nsearchives.nseindia.com/corporate/SBIN_27032026174235_Proceedings.pdf,"State Bank of India has informed the Exchange regarding Proceedings of General Meeting held on March 27, 2026",2026-03-27 17:43:04+05:30
BAJAJ-AUTO,Trading Window,https://nsearchives.nseindia.com/corporate/lkwalimbe_bajajauto_co_in_27032026193954_SE_-_Closure_of_Trading_Window.pdf,"Bajaj Auto Limited has informed the Exchange regarding the Trading Window closure pursuant to SEBI (Prohibition of Insider Trading) Regulations, 2015",2026-03-27 19:40:08+05:30
TORNTPHARM,Shareholders meeting,https://nsearchives.nseindia.com/corporate/TORNTPHARM_27032026202441_ncltnotice.pdf,"Torrent Pharmaceuticals Limited has informed the Exchange regarding Notice of Court Convened General Meeting to be held on April 28, 2026",2026-03-27 20:24:52+05:30
GODREJCP,Trading Window,https://nsearchives.nseindia.com/corporate/GODREJCP_27032026205747_GCPL_-_BSE_NSE_Trading_Window_Intimation_March_2026_Signed.pdf,"Godrej Consumer Products Limited has informed the Exchange regarding the Trading Window closure pursuant to SEBI (Prohibition of Insider Trading) Regulations, 2015",2026-03-27 20:58:17+05:30
JINDALSTEL,Change in Director(s),https://nsearchives.nseindia.com/corporate/JINDALSTEL_27032026210309_Binder1_signed.pdf,JINDAL STEEL LIMITED has informed the Exchange regarding Change in Director(s) of the company.,2026-03-27 21:03:25+05:30
SUNPHARMA,Press Release,https://nsearchives.nseindia.com/corporate/SUNSEC_27032026210913_SEintimationPRforAAD.pdf,"Sun Pharmaceutical Industries Limited has informed the Exchange regarding a press release dated March 27, 2026, titled ""Sun Pharma Highlights Advances in Alopecia Areata, Psoriasis, and Acne Research at 2026 AAD Annual Meeting"".",2026-03-27 21:11:33+05:30
LICI,Updates,https://nsearchives.nseindia.com/corporate/LIC_BOARD_27032026213523_Notice_IT.pdf,'It is to inform that the Life Insurance Corporation of India has received the demand notice from Income Tax authorities.'.,2026-03-27 21:36:39+05:30
ONGC,Cessation,https://nsearchives.nseindia.com/corporate/ONGC_28032026133702_DisclosureunderRegulation30SD.pdf,"Oil & Natural Gas Corporation Limited has informed the Exchange regarding Cessation of  Manish Pareek as Non- Executive Independent Director of the company w.e.f. March 28, 2026.",2026-03-28 13:40:55+05:30
CGPOWER,Trading Window,https://nsearchives.nseindia.com/corporate/CGPOWER_28032026133214_SE_Disclosure_TradingWindow31032026.pdf,"CG Power and Industrial Solutions Limited has informed the Exchange regarding the Trading Window closure pursuant to SEBI (Prohibition of Insider Trading) Regulations, 2015",2026-03-28 13:44:27+05:30
ONGC,Cessation,https://nsearchives.nseindia.com/corporate/ONGC_28032026133634_DisclosureunderRegulation30SD.pdf,"Oil & Natural Gas Corporation Limited has informed the Exchange regarding Cessation of Mr Bhagchand Agarwal as Non- Executive Independent Director of the company w.e.f. March 28, 2026.",2026-03-28 13:40:55+05:30
ONGC,Cessation,https://nsearchives.nseindia.com/corporate/ONGC_28032026133646_DisclosureunderRegulation30SD.pdf,"Oil & Natural Gas Corporation Limited has informed the Exchange regarding Cessation of Ms Reena Jaitly as Non- Executive Independent Director of the company w.e.f. March 28, 2026.",2026-03-28 13:40:55+05:30
GRASIM,Shareholders meeting,https://nsearchives.nseindia.com/corporate/GRASIM_28032026140322_SEIntimation.pdf,Results of Postal Ballot along with the Scrutiniser s Report,2026-03-28 14:03:35+05:30
GRASIM,Updates,https://nsearchives.nseindia.com/corporate/GRASIM_28032026135845_SEIntimation.pdf,Results of Postal Ballot along with the Scrutiniser s Report,2026-03-28 14:00:20+05:30
NTPC,Updates,https://nsearchives.nseindia.com/corporate/NTPC_28032026221934_20260328_STEX_KHAVDA.pdf,"NTPC Limited has informed the Exchange regarding 'Declaration of COD of NTPC Renewable Energy Limited, a stepdown subsidiary of NTPC Limited through its subsidiary NTPC Green Energy Limited'.",2026-03-28 22:19:52+05:30
DMART,Updates,https://nsearchives.nseindia.com/corporate/DMART_29032026184729_ASLInitmationStoreOpening29032026.pdf,Avenue Supermarts Limited has informed the Exchange regarding 'Store Opening Intimation'.,2026-03-29 18:48:00+05:30
ICICIGI,General Updates,https://nsearchives.nseindia.com/corporate/ICICIGI_29032026214504_SE_Intimation_-_SEZ_-_Stay_Order.pdf,ICICI Lombard General Insurance Company Limited has informed the Exchange about General Updates,2026-03-29 21:45:29+05:30
ONGC,Updates,https://nsearchives.nseindia.com/corporate/ONGC_29032026220725_Disclosure29032026SD.pdf,Oil & Natural Gas Corporation Limited has informed the Exchange regarding 'Monetisation of DUDP Project'.,2026-03-29 22:07:48+05:30
JSWSTEEL,General Updates,https://nsearchives.nseindia.com/corporate/jessydenny_30032026083823_SEIntimationMarch302026JSWSL.pdf,"Update on 50:50 Joint venture between JSW Steel Limited and JFE SteelCorporation, Japan for the Steel Business of Bhushan Power and Steel Limited",2026-03-30 08:38:40+05:30
ADANIGREEN,Updates,https://nsearchives.nseindia.com/corporate/ADANIGREEN_30032026085230_Letters.pdf,Adani Green Energy Limited has informed the Exchange regarding 'Operationalization of Projects '.,2026-03-30 08:53:15+05:30
VEDL,News Verification,-,"The Exchange has sought clarification from Vedanta Limited with respect to recent news item captioned Vedanta offers to spend $5 billion in US, seeks global partnerships in energy sector..  The response from the Company is awaited.",2026-03-30 10:17:25+05:30
KOTAKBANK,News Verification,https://nsearchives.nseindia.com/corporate/Kotakmahindrabank_30032026105614_KotakSELetterReClarification.pdf,The Exchange has sought clarification from Kotak Mahindra Bank Limited with respect to recent news item captioned Kotak Mahindra Bank faces alleged Rs 160-crore FD fraud linked to Panchkula Municipal Corp.  The response from the Company is attached.,2026-03-30 10:56:32+05:30
ADANIENT,Trading Window,https://nsearchives.nseindia.com/corporate/nishant_joshi_adani_com_30032026110916_IntimationTradingWindowClosure_31032026.pdf,"Adani Enterprises Limited has informed the Exchange regarding the Trading Window closure pursuant to SEBI (Prohibition of Insider Trading) Regulations, 2015",2026-03-30 11:09:21+05:30
VEDL,News Verification,https://nsearchives.nseindia.com/corporate/VEDL_30032026115020_VEDLReplytoNewsClarificationMarch2026signed.pdf,"The Exchange has sought clarification from Vedanta Limited with respect to recent news item captioned Vedanta offers to spend $5 billion in US, seeks global partnerships in energy sector..  The response from the Company is attached.",2026-03-30 11:51:12+05:30
LODHA,Allotment of Securities,https://nsearchives.nseindia.com/corporate/LODHA_30032026121948_Lodha_Allotment_of_NCDs_30032026_SD.pdf,Lodha Developers Limited has informed the Exchange regarding allotment of 50000 securities pursuant to Non Convertible Securities,2026-03-30 12:27:52+05:30
BEL,Bagging/Receiving of orders/contracts,https://nsearchives.nseindia.com/corporate/BEL_30032026141536_Letter_PR_Signed.pdf,Bharat Electronics Limited has informed the Exchange about Bagging/Receiving of orders/contracts,2026-03-30 14:15:49+05:30
LICI,General Updates,https://nsearchives.nseindia.com/corporate/LIC_BOARD_30032026151610_Cessation_of_SMPS.pdf,"Life Insurance Corporation Of India has informed the Exchange about the officials holding the position of Senior Management Personnel will be superannuating with effect from March 31, 2026",2026-03-30 15:16:24+05:30
NTPC,Change in Management,https://nsearchives.nseindia.com/corporate/NTPC_30032026155340_20260330_STEX_CESSATIONOFSENIORMANAGEMENT.pdf,NTPC Limited has informed the Exchange about change in Management- Cessation,2026-03-30 15:53:51+05:30
BANKBARODA,News Verification,-,The Exchange has sought clarification from Bank Of Baroda with respect to recent news item captioned MP govt withdraws five-year ban on Bank of Baroda within 24 hours..  The response from the Company is awaited.,2026-03-30 15:59:17+05:30
HAL,Trading Window,https://nsearchives.nseindia.com/corporate/HAL_30032026161411_TradingWindow_31032026.pdf,"Hindustan Aeronautics Limited has informed the Exchange regarding the Trading Window closure pursuant to SEBI (Prohibition of Insider Trading) Regulations, 2015",2026-03-30 16:14:19+05:30
TVSMOTOR,Press Release,https://nsearchives.nseindia.com/corporate/TVSMOTOR_30032026161901_TVSMBSENSEPRESSRELEASE_sd.pdf,"TVS Motor Company Limited has informed the Exchange regarding a press release dated March 30, 2026, titled ""All-New 2026 TVS Apache RTR 160 4V - India s Most Powerful 160cc Motorcycle, Now Gets Projector Headlamp Across Variants"".",2026-03-30 16:19:40+05:30
SHRIRAMFIN,Trading Window,https://nsearchives.nseindia.com/corporate/Mathew_30032026172156_BSENSETradingWindowClosure_March_26.pdf,"Shriram Finance Limited has informed the Exchange regarding the Trading Window closure pursuant to SEBI (Prohibition of Insider Trading) Regulations, 2015",2026-03-30 17:22:10+05:30
COALINDIA,General Updates,https://nsearchives.nseindia.com/corporate/COALINDIA_30032026173416_siged.pdf,"Coal India Limited has informed the Exchange about General Updates-Disclosure under Regulation 30 of Securities and Exchange Board of India (Listing Obligations and Disclosure Requirements) Regulations, 2015 ( Listing Regulations )   Initial public offering ( IPO ) of equity shares of face value &#8377; 2 each ( Equity Shares ) of Central Mine Planning & Design Institute Limited, a subsidiary of Coal India Limited ( Company )",2026-03-30 17:34:24+05:30
PFC,General Updates,https://nsearchives.nseindia.com/corporate/PFC2023_30032026174928_INTIMATION30032026SIGNED.pdf,Transfer of South Kalamb Power Transmission Limited (wholly owned subsidiary of PFC Consulting Limited) (wholly owned subsidiary of Power Finance Corporation Limited).,2026-03-30 17:49:53+05:30
JIOFIN,Trading Window,https://nsearchives.nseindia.com/corporate/JIOFINANCIAL_30032026181716_JFSL.pdf,"Jio Financial Services Limited has informed the Exchange regarding the Trading Window closure pursuant to SEBI (Prohibition of Insider Trading) Regulations, 2015",2026-03-30 18:18:24+05:30
AMBUJACEM,News Verification,-,The Exchange has sought clarification from Ambuja Cements Limited with respect to recent news item captioned Ambuja Cements-Penna Cement Merger Gets Green Light from NCLT Ahmedabad..  The response from the Company is awaited.,2026-03-30 18:18:08+05:30
CIPLA,Change in Management,https://nsearchives.nseindia.com/corporate/CIPLA_30032026181839_Signed_SMP_intimation_30_March_2026.pdf,Cipla Limited has informed the Exchange about change in Management,2026-03-30 18:19:23+05:30
DLF,General Updates,https://nsearchives.nseindia.com/corporate/DLF_30032026182323_Letter.pdf,Update on intimation(s) submitted on 16th April 2025 and 3rd February 2026,2026-03-30 18:24:05+05:30
CIPLA,Resignation,https://nsearchives.nseindia.com/corporate/CIPLA_30032026182231_Signed_SMP_intimation_30_March_2026.pdf,"Cipla Limited has informed the Exchange regarding Resignation of  Mr. Umang Vohra  as Managing Director & CEO of the company w.e.f. April 01, 2026.",2026-03-30 18:22:55+05:30
MOTHERSON,Trading Window,https://nsearchives.nseindia.com/corporate/MOTHERSON_30032026183600_Disclosure-Closure_of_Trading_Window.pdf,"Samvardhana Motherson International Limited has informed the Exchange regarding the Trading Window closure pursuant to SEBI (Prohibition of Insider Trading) Regulations, 2015",2026-03-30 18:36:20+05:30
DMART,Updates,https://nsearchives.nseindia.com/corporate/DMART_30032026183904_ASLInitmationStoreOpening30032026.pdf,Avenue Supermarts Limited has informed the Exchange regarding 'Store Opening Intimation'.,2026-03-30 18:39:35+05:30
DMART,Updates,https://nsearchives.nseindia.com/corporate/DMART_30032026184551_RedemptionofCP_30032026.pdf,Avenue Supermarts Limited has informed the Exchange regarding 'Redemption of Commercial Paper'.,2026-03-30 18:51:18+05:30
KOTAKBANK,General Updates,https://nsearchives.nseindia.com/corporate/Kotakmahindrabank_30032026191531_SEIntimationIntPay30032026.pdf,Kotak Mahindra Bank Limited has informed the Exchange about General Updates,2026-03-30 19:15:41+05:30
LODHA,Appointment,https://nsearchives.nseindia.com/corporate/LODHA_30032026191854_LDL_Change_in_Statutory_Auditor_30032026.pdf,"Lodha Developers Limited has informed the Exchange regarding Appointment of Ms Walker Chandiok & Co., LLP as Other of the company.",2026-03-30 19:20:47+05:30
PNB,General Updates,https://nsearchives.nseindia.com/corporate/pnb2_30032026191440_Intimation_Change_in_Interest_Rate_30032026_DS.pdf,Punjab National Bank has informed the Exchange about Change in Interest Rates,2026-03-30 19:17:34+05:30
LODHA,Outcome of Board Meeting,https://nsearchives.nseindia.com/corporate/LODHA_30032026191543_LDL_Change_in_Statutory_Auditor_30032026.pdf,"Lodha Developers Limited has informed the Exchange regarding appointment of Ms Walker Chandiok and Co., LLP as the Statutory Auditor of the Company",2026-03-30 19:16:38+05:30
SBIN,Shareholders meeting,https://nsearchives.nseindia.com/corporate/SBIN_30032026194307_VR_SR_30032026.pdf,"State Bank of India has submitted Scrutinizers report and voting results of  General Meeting held on March 27, 2026",2026-03-30 19:44:26+05:30
ADANIPORTS,Trading Window,https://nsearchives.nseindia.com/corporate/rkbhagia_30032026195413_SEINTIMATION.pdf,"Adani Ports and Special Economic Zone Limited has informed the Exchange regarding the Trading Window closure pursuant to SEBI (Prohibition of Insider Trading) Regulations, 2015",2026-03-30 19:54:37+05:30
ADANIENT,Acquisition,https://nsearchives.nseindia.com/corporate/ADANIENT_30032026200605_AELIntimationAcqofSkyiwave30032026.pdf,"Adani Enterprises Limited has informed the Exchange about Disclosure pursuant to Regulation 30 of the Securities and Exchange Board of India (Listing Obligations and Disclosure Requirements) Regulations, 2015.",2026-03-30 20:06:11+05:30
TORNTPHARM,General Updates,https://nsearchives.nseindia.com/corporate/TORNTPHARM_30032026200819_SE_Intimation_-_UNM_Share_Transfer.pdf,Torrent Pharmaceuticals Limited has informed the Exchange about General Updates,2026-03-30 20:08:31+05:30
BANKBARODA,General Updates,https://nsearchives.nseindia.com/corporate/BANKBARODA_30032026205023_SEAccounts1.pdf,Bank Of Baroda has informed the Exchange about Disclosure under Regulation 30,2026-03-30 20:50:31+05:30
BHARTIARTL,Press Release,https://nsearchives.nseindia.com/corporate/BHARTIARTL_30032026205429_BhartiAirtelReg30DisclosureNxtraMarch30.pdf,"Bharti Airtel Limited has informed the Exchange regarding a press release dated March 30, 2026, titled ""Airtel Announces US$1 Billion Investment in Nxtra Led by Alpha Wave Global and Existing Investor Carlyle. Bharti Airtel Will Also Participate"".",2026-03-30 20:56:05+05:30
AMBUJACEM,Scheme of Arrangement,https://nsearchives.nseindia.com/corporate/AMBUJACEM_30032026210310_ACL_Intimation_30032026.pdf,Ambuja Cements Limited has informed the Exchange about Sanction of Scheme of Arrangement between Penna Cement Industries Limited and Ambuja Cements Limited and their respective shareholders.,2026-03-30 21:04:26+05:30
BHARTIARTL,Acquisition,https://nsearchives.nseindia.com/corporate/BHARTIARTL_30032026210037_BhartiAirtelReg30DisclosureNxtraMarch30.pdf,Bharti Airtel Limited has informed the Exchange about Acquisition,2026-03-30 21:00:52+05:30
BANKBARODA,General Updates,https://nsearchives.nseindia.com/corporate/BANKBARODA_30032026205801_SEtreasury.pdf,Bank Of Baroda has informed the Exchange about Disclosure under Regulation 30,2026-03-30 20:58:07+05:30
BANKBARODA,General Updates,https://nsearchives.nseindia.com/corporate/BANKBARODA_30032026211052_SEAccounts2.pdf,Bank Of Baroda has informed the Exchange about Disclosure under Regulation 30,2026-03-30 21:11:02+05:30
AXISBANK,ESOP/ESOS/ESPS,https://nsearchives.nseindia.com/corporate/AXISBANK1_30032026211731_SE30032026.pdf,Axis Bank Limited has informed the Exchange regarding Allotment of 253894  Shares.,2026-03-30 21:18:02+05:30
TATASTEEL,Acquisition,https://nsearchives.nseindia.com/corporate/NIDHIFADNAVIS_30032026212421_BSENSE.pdf,Tata Steel Limited has informed the Exchange about acquisition of entire stake in Medica TS Hospital Private Limited,2026-03-30 21:25:27+05:30
BANKBARODA,General Updates,https://nsearchives.nseindia.com/corporate/BANKBARODA_30032026212557_SEclarification.pdf,Bank Of Baroda has informed the Exchange about clarification on News Item appearing In Media/Publication,2026-03-30 21:26:04+05:30
DIVISLAB,Trading Window,https://nsearchives.nseindia.com/corporate/DIVISLAB_31032026095755_Intimation_TradingWindowClosure_31032026.pdf,"Divi's Laboratories Limited has informed the Exchange regarding the Trading Window closure pursuant to SEBI (Prohibition of Insider Trading) Regulations, 2015",2026-03-31 09:58:04+05:30
NTPC,Updates,https://nsearchives.nseindia.com/corporate/NTPC_31032026104840_20260331_STEX_NGELCOD.pdf,"NTPC Limited has informed the Exchange regarding 'Declaration Of COD Of NTPC Renewable Energy Limited, a stepdown subsidiary of NTPC Limited through its subsidiary NTPC Green Energy Limited.'.",2026-03-31 10:48:48+05:30
BAJAJ-AUTO,Credit Rating,https://nsearchives.nseindia.com/corporate/lkwalimbe_bajajauto_co_in_31032026105125_SE_-_BACL_Credit_Rating_30_March_2026.pdf,Bajaj Auto Limited has informed the Exchange about Credit Rating,2026-03-31 10:51:35+05:30
NAUKRI,Trading Window,https://nsearchives.nseindia.com/corporate/NAUKRI2_31032026115430_IEIL_ClosureofTradingWindow_March2026.pdf,"Info Edge (India) Limited has informed the Exchange regarding the Trading Window closure pursuant to SEBI (Prohibition of Insider Trading) Regulations, 2015",2026-03-31 11:57:45+05:30
ASIANPAINT,Amalgamation/Merger,https://nsearchives.nseindia.com/corporate/ASIANPAINT_31032026120830_Reg_30_AP_Polymers__amalgamation_order_post_receipt_of_certified_final.pdf,"This is in continuation to our letter bearing reference no. APL/SEC/57/2025-26/28 dated                     10th  March 2026, wherein it was informed that Hon ble National Company Law Tribunal, had sanctioned the Scheme of Amalgamation of Asian Paints (Polymers) Private Limited ( Transferor Company  or  AP Polymers ), a wholly owned subsidiary of Asian Paints Limited ( Transferee Company  or  Company ), with the Company ( Scheme of Amalgamation ).We wish to inform you that the Transferor Company and the Transferee Company have, today, i.e. 31st March 2026, filed the certified true copy of the Order sanctioning the Scheme of Amalgamation ( Order ) with the Registrar of Companies, Mumbai, Maharashtra ( Registrar ). Accordingly, the Effective Date of the Scheme of Amalgamation is 31st March 2026, and upon filing of the said Order with the Registrar, the Transferor Company stands dissolved without winding up.",2026-03-31 12:09:04+05:30
BHARTIARTL,Action(s) taken or orders passed,https://nsearchives.nseindia.com/corporate/BHARTIARTL_31032026122149_BhartiAirtel_-Reg_30_disclosure.pdf,Bharti Airtel Limited has informed the Exchange about Action(s) taken or orders passed,2026-03-31 12:22:24+05:30
ADANIPOWER,Trading Window,https://nsearchives.nseindia.com/corporate/ADANIPOWER_31032026131001_APLClosureofTradingWindow31032026.pdf,"Adani Power Limited has informed the Exchange regarding the Trading Window closure pursuant to SEBI (Prohibition of Insider Trading) Regulations, 2015",2026-03-31 13:10:13+05:30
RELIANCE,Action(s) taken or orders passed,https://nsearchives.nseindia.com/corporate/kavinavora_31032026130600_RIL_SE_31032026.pdf,"Disclosure under Regulation 30 of the Securities and Exchange Board of India (Listing Obligations and Disclosure Requirements) Regulations, 2015 is attached.",2026-03-31 13:07:34+05:30
ADANIENSOL,General Updates,https://nsearchives.nseindia.com/corporate/ADANITRANS_31032026131815_AESL_South_Kalamb_Acquisition.pdf,Adani Energy Solutions Limited has informed the Exchange about execution of Share Purchase Agreement for Acquiring of 100% Equity Shares of South Kalamb Power Transmission Limited,2026-03-31 13:18:31+05:30
TVSMOTOR,Trading Window,https://nsearchives.nseindia.com/corporate/TVSMOTOR_31032026145539_NSEBSEIntimation_sd.pdf,"TVS Motor Company Limited has informed the Exchange regarding the Trading Window closure pursuant to SEBI (Prohibition of Insider Trading) Regulations, 2015",2026-03-31 14:55:55+05:30
GRASIM,General Updates,https://nsearchives.nseindia.com/corporate/GRASIM_31032026145251_SEIntimation.pdf,Change in Senior Management Personnel of the Company,2026-03-31 14:53:03+05:30
TECHM,Trading Window,https://nsearchives.nseindia.com/corporate/Apekshakhemka_31032026150821_TML_BM_Prior_Intimation_TWC_Q4.pdf,"Tech Mahindra Limited has informed the Exchange regarding the Trading Window closure pursuant to SEBI (Prohibition of Insider Trading) Regulations, 2015",2026-03-31 15:08:43+05:30
JINDALSTEL,Trading Window,https://nsearchives.nseindia.com/corporate/JINDALSTEL_31032026152048_stx_310326_signed.pdf,"JINDAL STEEL LIMITED has informed the Exchange regarding the Trading Window closure pursuant to SEBI (Prohibition of Insider Trading) Regulations, 2015",2026-03-31 15:21:09+05:30
INDIGO,Outcome of Board Meeting,https://nsearchives.nseindia.com/corporate/Indigo1_31032026151913_SE_disclosure_31032026.pdf,"InterGlobe Aviation Limited has informed the Exchange regarding Outcome of Board Meeting held on March 31, 2026.",2026-03-31 15:19:31+05:30
INDIGO,Press Release,https://nsearchives.nseindia.com/corporate/Indigo1_31032026153024_SE_disclosure_31032026.pdf,"InterGlobe Aviation Limited has informed the Exchange regarding a press release dated March 31, 2026, titled ""Press Release regarding appointment of CEO"".",2026-03-31 15:30:37+05:30
RELIANCE,Trading Window,https://nsearchives.nseindia.com/corporate/PVIVINMA_31032026160346_SEClosureofTradingWindowDecember_31032026.pdf,"Reliance Industries Limited has informed the Exchange regarding the Trading Window closure pursuant to SEBI (Prohibition of Insider Trading) Regulations, 2015",2026-03-31 16:12:50+05:30
ZYDUSLIFE,Change in Management,https://nsearchives.nseindia.com/corporate/Cadilahc_31032026163136_SEIntimationSeniorMgmt31032026.pdf,Zydus Lifesciences Limited has informed the Exchange about change in Management,2026-03-31 16:32:23+05:30
APOLLOHOSP,General Updates,https://nsearchives.nseindia.com/corporate/APOLLOHOSP_31032026163344_SE_let_ACPL_AHL.pdf,Apollo Hospitals Enterprise Limited has informed the Exchange about General Updates,2026-03-31 16:39:42+05:30
WIPRO,Retirement,https://nsearchives.nseindia.com/corporate/Wipro_Secretarial_31032026164401_SE_Intimation.pdf,"Wipro Limited has informed the Exchange that pursuant to Regulation 30 of SEBI (Listing Obligations and Disclosure Requirements) Regulations, 2015, it is informed that Dr. Patrick J. Ennis (DIN: 07463299) and Mr. Patrick Dupuis (DIN: 07480046), Independent Directors will retire from the Company''s Board of Directors, with effect from close of business hours on March 31, 2026, after completion of their tenure under Section 149(11) of the Companies Act, 2013. Consequent to the aforesaid retirement, the Nomination and Remuneration Committee (also acts as Corporate Social Responsibility Committee) and Administrative and Shareholders/Investors Grievance Committee (Stakeholders Relationship Committee) have been re-constituted.",2026-03-31 16:44:41+05:30
WIPRO,Change in Director(s),https://nsearchives.nseindia.com/corporate/Wipro_Secretarial_31032026165007_SEIntimation31032026.pdf,Wipro Limited has informed the Exchange regarding Change in Director(s) of the company.,2026-03-31 16:53:30+05:30
VEDL,Appointment,https://nsearchives.nseindia.com/corporate/VEDL_31032026171804_VEDLSEIntimation31March2026Outcomesigned.pdf,"Vedanta Limited has informed the Exchange regarding Appointment of Mr S.V. Murali Dhar Rao as Non- Executive Independent Director of the company w.e.f. April 01, 2026.",2026-03-31 17:19:00+05:30
VEDL,Updates,https://nsearchives.nseindia.com/corporate/VEDL_31032026171850_VEDLSEIntimation31March2026Outcomesigned.pdf,"Vedanta Limited has informed the Exchange regarding 'Extension of timelines for fulfilment of the conditions precedent under the Composite Scheme of Arrangement between Vedanta Limited ( Demerged Company  or  Company ) and Vedanta Aluminium Metal Limited ( Resulting Company 1 ) and Talwandi Sabo Power Limited ( Resulting Company 2 ) and Malco Energy Limited ( Resulting Company 3 ) and Vedanta Iron and Steel Limited ( Resulting Company 4 ) and their respective shareholders and creditors under Sections 230 to 232 and other applicable provisions of the Companies Act, 2013 ( Scheme )'.",2026-03-31 17:19:00+05:30
VEDL,Cessation,https://nsearchives.nseindia.com/corporate/VEDL_31032026171829_VEDLSEIntimation31March2026Outcomesigned.pdf,"Vedanta Limited has informed the Exchange regarding Cessation of Mr Dindayal Jalan as Non- Executive Independent Director of the company w.e.f. April 01, 2026.",2026-03-31 17:19:00+05:30
ADANIPOWER,Credit Rating,https://nsearchives.nseindia.com/corporate/ADANIPOWER_31032026171624_APLCRISILReaffirmsRatings31032026.pdf,Adani Power Limited has informed the Exchange about Credit Rating,2026-03-31 17:16:32+05:30
MARUTI,General Updates,https://nsearchives.nseindia.com/corporate/MARUTIASHISH_31032026173800_STxIntimation_HaryanaGSTAuthority_31March2026.pdf,"Maruti Suzuki India Limited has informed the Exchange about Intimation under Regulation 30 of SEBI (Listing Obligations & Disclosure Requirements) Regulations, 2015",2026-03-31 17:39:58+05:30
DLF,Trading Window,https://nsearchives.nseindia.com/corporate/DLF_31032026174107_Letter.pdf,"DLF Limited has informed the Exchange regarding the Trading Window closure pursuant to SEBI (Prohibition of Insider Trading) Regulations, 2015",2026-03-31 17:41:29+05:30
ADANIENT,Incorporation,https://nsearchives.nseindia.com/corporate/nishant_joshi_adani_com_31032026175222_AELintimationADANIMETALSANDMINERALSFZCO31032026.pdf,"Adani Enterprises Limited has informed the Exchange about Adani Global FZE, a UAE based step down wholly owned subsidiary has incorporated a wholly owned subsidiary namely  ADANI METALS AND MINERALS FZCO  in UAE",2026-03-31 17:52:28+05:30
SOLARINDS,Appointment,https://nsearchives.nseindia.com/corporate/SOLARINDS_31032026182558_Appt_of_KK_SD.pdf,"Solar Industries India Limited has informed the Exchange regarding Appointment of Mr Kirit Ramesh Kamdar as Non- Executive Independent Director of the company w.e.f. April 01, 2026.",2026-03-31 18:26:39+05:30
LT,General Updates,https://nsearchives.nseindia.com/corporate/PAM_31032026183506_SuFinIntimation31032026.pdf,"Larsen & Toubro Limited has informed the Exchange about Update on transfer of L&T Sufin business to Sufin Limited, wholly owned Subsidiary of the Company, pursuant to Business Transfer Agreement (BTA) executed on February 24, 2026.",2026-03-31 18:36:11+05:30
BRITANNIA,Outcome of Board Meeting,https://nsearchives.nseindia.com/corporate/BRITANNIA1_31032026185859_Intimation_signed.pdf,"Britannia Industries Limited has informed the Exchange regarding Outcome of Board Meeting held on 31st March, 2026.",2026-03-31 18:59:46+05:30
WIPRO,Amalgamation/Merger,https://nsearchives.nseindia.com/corporate/Wipro_Secretarial_31032026185711_Reg30SEIntimation31032026.pdf,"Wipro Limited has informed that pursuant to Regulation 30 read with Para A of Part A of Schedule III of the SEBI (Listing Obligations and Disclosure Requirements) Regulations, 2015, merger of Rizing Consulting USA, LLC (step-down subsidiary) with Rizing LLC (step-down subsidiary) is completed and is effective from March 31, 2026 (Eastern Time).",2026-03-31 18:57:48+05:30
HCLTECH,Updates,https://nsearchives.nseindia.com/corporate/HCLTECH_31032026190630_Release31March2026.pdf,"HCL Technologies Limited has informed the Exchange regarding 'Release   ""HCLTech and CrowdStrike expand strategic partnership with AIpowered Continuous Threat Exposure Management Services.""",2026-03-31 19:07:58+05:30
HAL,Press Release,https://nsearchives.nseindia.com/corporate/HAL_31032026190953_Media_Release_31032026.pdf,"Hindustan Aeronautics Limited has informed the Exchange regarding a press release dated March 31, 2026, titled ""FY 2025-26: HAL Registers Revenue of Rs. 32,250 Crores, Sustains Growth MomentumAmid Global Disruptions"".",2026-03-31 19:11:49+05:30
ULTRACEMCO,Action(s) taken or orders passed,https://nsearchives.nseindia.com/corporate/ULTRACEMCO1_31032026190936_GST_Order.pdf,"UltraTech Cement Limited has informed the Exchange about Order passed by Additional Commissioner, Central Goods and Services Tax, Dehradun, Uttarakhand",2026-03-31 19:09:54+05:30
DMART,Updates,https://nsearchives.nseindia.com/corporate/DMART_31032026191120_ASLInitmationStoreOpening31032026.pdf,Avenue Supermarts Limited has informed the Exchange regarding 'Store Opening Intimation'.,2026-03-31 19:11:57+05:30
UNITDSPR,Trading Window,https://nsearchives.nseindia.com/corporate/MCDOWELL_31032026191628_TWC_intimation_Q4FY26SD.pdf,"United Spirits Limited has informed the Exchange regarding the Trading Window closure pursuant to SEBI (Prohibition of Insider Trading) Regulations, 2015",2026-03-31 19:16:48+05:30
POWERGRID,Change in Management,https://nsearchives.nseindia.com/corporate/POWERGRID1_31032026192312_BSENSEReg30EDs31032026.pdf,Power Grid Corporation of India Limited has informed the Exchange about change in Senior Management (Cessation).,2026-03-31 19:23:23+05:30
SBILIFE,Shareholders meeting,https://nsearchives.nseindia.com/corporate/SBILIFE_31032026200046_SE31032026_signed.pdf,"SBI Life Insurance Company Limited has submitted the Exchange a copy Srutinizers report of  Postal Ballot. Further, the company has informed the Exchange regarding voting results.",2026-03-31 20:01:42+05:30
INFY,Updates,https://nsearchives.nseindia.com/corporate/Infosys_31032026205830_SEfiling_Reg30_disclosure_31032026.pdf,Infosys Limited has informed the Exchange regarding 'Disclosure Under Regulation 30 Of SEBI LODR Regulations'.,2026-03-31 20:58:43+05:30
BEL,Press Release,https://nsearchives.nseindia.com/corporate/BEL_31032026212942_Order_Press_Release_SIGNED.pdf,"Bharat Electronics Limited has informed the Exchange regarding a press release dated March 31, 2026, titled ""BEL receives orders worth Rs . 6795Crore"".",2026-03-31 21:29:52+05:30
ADANIENT,Diversification/Disinvestment,https://nsearchives.nseindia.com/corporate/kuntal_chandya_adani_com_31032026231427_Intimation_Sale_of_stake_by_AAFL_in_Vishakha_final.pdf,Intimation regarding divestment of an associate company by a wholly ownedsubsidiary of the Company.,2026-03-31 23:15:02+05:30
PNB,Change in Management,https://nsearchives.nseindia.com/corporate/pnb2_31032026233449_Intimation_Change_in_Management_31032026_DS.pdf,Punjab National Bank has informed the Exchange about change in Management,2026-03-31 23:36:55+05:30
ADANIPORTS,Updates,https://nsearchives.nseindia.com/corporate/rkbhagia_01042026004450_Apsez01042026.pdf,"Adani Ports and Special Economic Zone Limited has informed the Exchange regarding 'APSEZ Crosses 500 Million Tonnes Cargo Milestone, Reinforcing Its Role in India s Growth Story'.",2026-04-01 00:45:04+05:30
ADANIGREEN,Updates,https://nsearchives.nseindia.com/corporate/ADANIGREEN_01042026082227_Letters.pdf,Adani Green Energy Limited has informed the Exchange regarding 'Operationalization of Projects'.,2026-04-01 08:23:37+05:30
ADANIGREEN,Press Release,https://nsearchives.nseindia.com/corporate/ADANIGREEN_01042026082551_LettersPR.pdf,"Adani Green Energy Limited has informed the Exchange regarding a press release dated April 01, 2026, titled ""Adani Green Energy Delivers on 5GW Commitment in FY26, Marking a Global High for Greenfield Expansion"".",2026-04-01 08:27:52+05:30
MAXHEALTH,ESOP/ESOS/ESPS,https://nsearchives.nseindia.com/corporate/MAXHEALTH_01042026092651_SE_Intimation_Allotment_of_Equity_Shares.pdf,Max Healthcare Institute Limited has informed the Exchange regarding allotment of Equity Shares under Max Healthcare Institute Limited - Employee Stock Option Scheme 2022.,2026-04-01 09:30:07+05:30
HAL,Change in Management,https://nsearchives.nseindia.com/corporate/HAL_01042026095252_ChangeInMngt_01042026.pdf,Hindustan Aeronautics Limited has informed the Exchange about change in Management,2026-04-01 09:52:59+05:30
IOC,Updates,https://nsearchives.nseindia.com/corporate/IOC_01042026100657_2026_04_01_Reg_30_Change_in_Senior_management_S.pdf,Indian Oil Corporation Limited has informed the Exchange regarding 'Change in Senior Management Personnel'.,2026-04-01 10:07:08+05:30
POWERGRID,Outcome of Board Meeting,https://nsearchives.nseindia.com/corporate/POWERGRID1_01042026103104_BSENSEVamsisir.pdf,"Power Grid Corporation of India Limited has informed the Exchange regarding Outcome of Board Meeting held on April 01, 2026.",2026-04-01 10:31:17+05:30
POWERGRID,Change in Director(s),https://nsearchives.nseindia.com/corporate/POWERGRID1_01042026102949_BSENSERKTyagi.pdf,Power Grid Corporation of India Limited has informed the Exchange regarding Change in Director(s) of the company.,2026-04-01 10:29:58+05:30
IOC,Change in Director(s),https://nsearchives.nseindia.com/corporate/IOC_01042026101048_Reg_30_Cessation_of_Director_R_and_D_S.pdf,Indian Oil Corporation Limited has informed the Exchange regarding Change in Director(s) of the company.,2026-04-01 10:11:06+05:30
M&M,Monthly Business Updates,https://nsearchives.nseindia.com/corporate/ferozebaria_01042026103947_SEIntimationApril2026PR.pdf,Mahindra & Mahindra Limited has informed the Exchange regarding Monthly Business Updates for the month of March 2026,2026-04-01 10:40:01+05:30
ZYDUSLIFE,General Updates,https://nsearchives.nseindia.com/corporate/Cadilahc_01042026104444_SEIntimationDemandNotice31032026.pdf,Zydus Lifesciences Limited has informed the Exchange about General Updates,2026-04-01 10:45:37+05:30
NTPC,Updates,https://nsearchives.nseindia.com/corporate/NTPC_01042026110152_20260401_STEX_AYANACOD.pdf,"NTPC Limited has informed the Exchange regarding 'Declaration of COD of Ayana Renewable Power Four Private Limited, a group company of NTPC Green Energy Limited'.",2026-04-01 11:02:08+05:30
SOLARINDS,Cessation,https://nsearchives.nseindia.com/corporate/SOLARINDS_01042026110610_Cessation_of_Dinesh_Kumar_Batra_signed.pdf,"Solar Industries India Limited has informed the Exchange regarding Cessation of Mr Dinesh Kumar Batra as Non- Executive Independent Director of the company w.e.f. March 31, 2026.",2026-04-01 11:06:23+05:30
HYUNDAI,Press Release,https://nsearchives.nseindia.com/corporate/HMILNSE_01042026111543_PressReleaseSalesApril2026.pdf,"Hyundai Motor India Limited has informed the Exchange regarding a press release dated April 01, 2026, titled ""Press Release"".",2026-04-01 11:15:54+05:30
BEL,Press Release,https://nsearchives.nseindia.com/corporate/BEL_01042026112524_Letter_Signed.pdf,"Bharat Electronics Limited has informed the Exchange regarding a press release dated April 01, 2026, titled ""BEL achieves record turnover of Rs.26,750 Crores."".",2026-04-01 11:27:21+05:30
TITAN,Credit Rating,https://nsearchives.nseindia.com/corporate/TITAN_01042026113951_SEcreditrating01042026.pdf,Titan Company Limited has informed the Exchange about Credit Rating,2026-04-01 11:40:14+05:30
ULTRACEMCO,Copy of Newspaper Publication,https://nsearchives.nseindia.com/corporate/ULTRACEMCO_01042026115842_SEintimationRelodgement.pdf,UltraTech Cement Limited has informed the Exchange about Copy of Newspaper Publication,2026-04-01 11:58:56+05:30
BEL,Retirement,https://nsearchives.nseindia.com/corporate/BEL_01042026115717_Letter_DHR_Signed.pdf,Bharat Electronics Limited has informed the Exchange about Retirement,2026-04-01 11:57:26+05:30
BPCL,Change in Management,https://nsearchives.nseindia.com/corporate/BPCL22_01042026115530_Changeinseniormgmt142026s.pdf,Bharat Petroleum Corporation Limited has informed the Exchange about change in Management,2026-04-01 11:55:36+05:30
BPCL,Change in Director(s),https://nsearchives.nseindia.com/corporate/BPCL22_01042026115902_stexintimationdirHRreviseds.pdf,Bharat Petroleum Corporation Limited has informed the Exchange regarding Change in Director(s) of the company.,2026-04-01 11:59:11+05:30
ULTRACEMCO,Copy of Newspaper Publication,https://nsearchives.nseindia.com/corporate/ULTRACEMCO_01042026120155_SEIntimationSakshamNiveshak.pdf,UltraTech Cement Limited has informed the Exchange about Copy of Newspaper Publication,2026-04-01 12:02:07+05:30
ITC,Acquisition,https://nsearchives.nseindia.com/corporate/ITC_01042026120223_SE_SFPL_.pdf,ITC Limited has informed the Exchange about Acquisition of Sproutlife Foods Private Limited,2026-04-01 12:06:21+05:30
BEL,Change in Management,https://nsearchives.nseindia.com/corporate/BEL_01042026120817_Letter_SM_Signed.pdf,Bharat Electronics Limited has informed the Exchange about change in Management,2026-04-01 12:09:56+05:30
CANBK,Updates,https://nsearchives.nseindia.com/corporate/CANBK_01042026122450_LetterSASTGOISd.pdf,"Canara Bank has informed the Exchange regarding ''.Disclosure under Regulation 31(4), 31(5) and other applicable provisions of SEBI(Substantial Acquisition of Shares and Takeovers) Regulations, 2011",2026-04-01 12:25:47+05:30
CANBK,Updates,https://nsearchives.nseindia.com/corporate/CANBK_01042026124042_LetterPromoterSDs.pdf,"Canara Bank has informed the Exchange regarding 'Disclosure under Regulation 31(4), 31(5) and other applicable provisions of SEBI(Substantial Acquisition of Shares and Takeovers) Regulations, 2011'.",2026-04-01 12:41:13+05:30
COALINDIA,General Updates,https://nsearchives.nseindia.com/corporate/COALINDIA_01042026124423_Production.pdf,Coal India Limited has informed the Exchange about General Updates- Provisional Production and Off-take Performance of CIL and Subsidiary Companies for the month of Mar 26 and for the period Apr 25-Mar 26.,2026-04-01 12:44:45+05:30
POWERGRID,Change in Director(s),https://nsearchives.nseindia.com/corporate/POWERGRID1_01042026124700_BSENSEVamsisir.pdf,Power Grid Corporation of India Limited has informed the Exchange regarding Change in Director(s) of the company.,2026-04-01 12:47:35+05:30
INDIGO,Credit Rating- Others,https://nsearchives.nseindia.com/corporate/Indigo1_01042026130407_Credit_Rating_CRISIL_-_01042026.pdf,InterGlobe Aviation Limited has informed the Exchange about Credit Rating- Others,2026-04-01 13:04:54+05:30
EICHERMOT,Monthly Business Updates,https://nsearchives.nseindia.com/corporate/Navneetnse_01042026131115_VECVMar26salesUpdate1stApr26UpdatedSigned.pdf,"Eicher Motors Limited has informed the Exchange regarding Monthly Business Updates for the month of March 2026 of VE Commercial Vehicles Limited, an unlisted material subsidiary of Eicher Motors Limited",2026-04-01 13:11:39+05:30
PFC,General Updates,https://nsearchives.nseindia.com/corporate/PFC2023_01042026130821_INTIMATION01042026SIGNED.pdf,Intimation regarding change in Board of Directors of the Company,2026-04-01 13:08:29+05:30
NTPC,Updates,https://nsearchives.nseindia.com/corporate/NTPC_01042026131646_20260401_STEX_COALMININGTRANSFER.pdf,NTPC Limited has informed the Exchange regarding 'COD and Transfer of Coal Mine to NTPC Mining Ltd.'.,2026-04-01 13:16:57+05:30
NAUKRI,Resignation,https://nsearchives.nseindia.com/corporate/NAUKRI2_01042026133556_IEIL_SE_Intimation_Resignation_Pawan.pdf,"Info Edge (India) Limited has informed the Exchange that Mr. Pawan Goyal, Whole-time Director and Chief Business Officer-Naukri, Key Managerial Personnel of the Company, has tendered his resignation as per his resignation letter dated March 31, 2026. Mr. Goyal will be relieved from his responsibilities effective close of business hours on May 31, 2026.",2026-04-01 13:37:02+05:30
TMPV,Press Release,https://nsearchives.nseindia.com/corporate/TATAMOTORSSJS_01042026134257_NSEBSEPVSALES.pdf,"Tata Motors Passenger Vehicles Limited has informed the Exchange regarding a press release dated April 01, 2026, titled ""Tata Motors Passenger Vehicles Limited (formerly Tata Motors Limited) total sales in Q4FY26"".",2026-04-01 13:43:06+05:30
TECHM,Amalgamation/Merger,https://nsearchives.nseindia.com/corporate/Apekshakhemka_01042026134753_Stock_Exchange_Intimation_Letter-31032026.pdf,Tech Mahindra Limited has informed the Exchange about Amalgamation/Merger,2026-04-01 13:49:03+05:30
NAUKRI,Change in Director(s),https://nsearchives.nseindia.com/corporate/NAUKRI2_01042026140501_IEIL_SE_Intimation_Resignation_Pawan.pdf,Info Edge (India) Limited has informed the Exchange regarding Change in Director(s) of the company.,2026-04-01 14:05:22+05:30
HCLTECH,Updates,https://nsearchives.nseindia.com/corporate/HCLTECH_01042026141100_Release1April2026.pdf,HCL Technologies Limited has informed the Exchange regarding 'Release    HCLTech launches AI Force 2.0 to deliver enterprise-grade Agentic AI.,2026-04-01 14:11:27+05:30
VBL,Shareholders meeting,https://nsearchives.nseindia.com/corporate/VBL_01042026141723_AGMProceedings2025.pdf,"Varun Beverages Limited has informed the Exchange regarding Proceedings of Annual General Meeting held on April 01, 2026",2026-04-01 14:17:44+05:30
TATASTEEL,Change in Management,https://nsearchives.nseindia.com/corporate/NIDHIFADNAVIS_01042026142803_BSENSE_SMP_change.pdf,Tata Steel Limited has informed the Exchange about change(s) in Senior Management Personnel,2026-04-01 14:30:24+05:30
MARUTI,Press Release,https://nsearchives.nseindia.com/corporate/MARUTIASHISH_01042026145042_STxIntimation_Sales_1April2026.pdf,"Maruti Suzuki India Limited has informed the Exchange regarding a press release dated April 01, 2026, titled ""Maruti Suzuki sales in March 2026 and FY 2025-26"".",2026-04-01 14:52:50+05:30
NTPC,Updates,https://nsearchives.nseindia.com/corporate/NTPC_01042026151657_REVISED_20260401_STEX_COALMININGTRANSFER.pdf,NTPC Limited has informed the Exchange regarding 'COD and Transfer of Coal Mine to NTPC Mining Ltd.'.,2026-04-01 15:17:04+05:30
COALINDIA,General Updates,https://nsearchives.nseindia.com/corporate/COALINDIA_01042026165006_eacu_merged.pdf,Coal India Limited has informed the Exchange about General Updates - Single Window Mode Agnostic (SWMA) E-auction Data of CIL and Subsidiary Companies for the month of Mar 26 and for the FY-2025-26.,2026-04-01 16:50:47+05:30
PNB,General Updates,https://nsearchives.nseindia.com/corporate/pnb2_01042026170103_Intimation_CS_RTA_01042026_DS.pdf,Punjab National Bank has informed the Exchange about details of Compliance Officer and RTA,2026-04-01 17:01:30+05:30
IOC,General Updates,https://nsearchives.nseindia.com/corporate/IOC_01042026171038_2026_04_01_IOC_Performance_highlights_25_26_S.pdf,Indian Oil Corporation Limited has informed the Exchange about General Updates,2026-04-01 17:10:52+05:30
EICHERMOT,Monthly Business Updates,https://nsearchives.nseindia.com/corporate/EICHERMOT_01042026170642_EMLMonthlyBusinessUpdate1stApril2026Signed.pdf,Eicher Motors Limited has informed the Exchange regarding Monthly Business Updates for the month of March 2026,2026-04-01 17:07:26+05:30
TATAPOWER,Closure of operations,https://nsearchives.nseindia.com/corporate/VPTPCL_01042026172851_Reg_30_Commencement_of_operation.pdf,Tata Power Company Limited has informed the Exchange about update on Closure of operations,2026-04-01 17:29:00+05:30
ABB,General Updates,https://nsearchives.nseindia.com/corporate/ABB_01042026174134_Reg30disclosure.pdf,ABB India Limited has informed the Exchange about General Updates,2026-04-01 17:42:33+05:30
WIPRO,Resignation,https://nsearchives.nseindia.com/corporate/Wipro_Secretarial_01042026174222_Reg30SEIntimation.pdf,"Wipro Limited has informed the Exchange regarding Resignation of Ms Suzanne Dann as Chief Executive Officer for Americas-2 Strategic Market Unit of the company w.e.f. May 03, 2026.",2026-04-01 17:46:00+05:30
WIPRO,Appointment,https://nsearchives.nseindia.com/corporate/Wipro_Secretarial_01042026173834_Reg30SEIntimation.pdf,"Wipro Limited has informed the Exchange regarding Appointment of Mr Kanwar Singh as President and Managing Partner of Technology Services GBLs of the company w.e.f. April 01, 2026.",2026-04-01 17:46:00+05:30
WIPRO,Press Release,https://nsearchives.nseindia.com/corporate/Wipro_Secretarial_01042026175100_PressRelease.pdf,"Wipro Limited has informed the Exchange regarding a press release dated April 01, 2026, titled ""Wipro Announces AI-Native Business & Platforms Unit toComplement Core Services and Drive Next Phase of Growth"".",2026-04-01 17:51:27+05:30
WIPRO,Appointment,https://nsearchives.nseindia.com/corporate/Wipro_Secretarial_01042026174039_Reg30SEIntimation.pdf,"Wipro Limited has informed the Exchange that Mr. Nagendra Bandaru who is currently the President and Managing Partner of Technology Services Global Business Lines(GBLs), is being transitioned to a new role as Chief Executive Officer for AI-Native Business & Platforms Unit w.e.f April 1, 2026 and would continue to be a Senior Managerial Personnel (SMP) of the Company.",2026-04-01 17:46:00+05:30
TVSMOTOR,Monthly Business Updates,https://nsearchives.nseindia.com/corporate/TVSMOTOR_01042026182351_NSEBSESalesupdate_sd.pdf,TVS Motor Company Limited has informed the Exchange regarding Monthly Business Updates for the month of March 2026,2026-04-01 18:24:10+05:30
POWERGRID,Change in Management,https://nsearchives.nseindia.com/corporate/POWERGRID1_01042026182402_NSEBSEReg30dt01042026.pdf,Power Grid Corporation of India Limited has informed the Exchange about change in Senior Management,2026-04-01 18:24:14+05:30
VBL,Shareholders meeting,https://nsearchives.nseindia.com/corporate/VBL_01042026183247_Results.pdf,Voting Results and Scrutinizer Report in respect of 31st Annual General Meeting of the Company held today i.e. 1st April 2026,2026-04-01 18:34:01+05:30
ADANIENT,Scheme of Arrangement,https://nsearchives.nseindia.com/corporate/ADANIENT_01042026184830_AELSEintimation01042026.pdf,Adani Enterprises Limited has informed the Exchange about Effective Date of the Composite Scheme of Arrangement,2026-04-01 18:48:46+05:30
VBL,Record Date,https://nsearchives.nseindia.com/corporate/VBL_01042026184855_Intimation_RecordDate.pdf,Varun Beverages Limited has informed the Exchange that Record date for the purpose of Final Dividend is 08-Apr-2026.,2026-04-01 18:50:27+05:30
POWERGRID,Analysts/Institutional Investor Meet/Con. Call Updates,https://nsearchives.nseindia.com/corporate/POWERGRID1_01042026184910_BSENSEReg30dt01042026.pdf,Power Grid Corporation of India Limited has informed the Exchange about Transcript,2026-04-01 18:49:23+05:30
ADANIENT,Record Date,https://nsearchives.nseindia.com/corporate/ADANIENT_01042026185131_AELSEintimation01042026.pdf,Adani Enterprises Limited has informed the Exchange that the Record date for the purpose of Allotment of equity shares of the Company in accordance with the Composite Scheme is 14-Apr-2026.,2026-04-01 18:52:17+05:30
NESTLEIND,Capacity addition,https://nsearchives.nseindia.com/corporate/NESTLEIND1_01042026184954_STXIntimation01042026signed.pdf,"Nestle India Limited has informed the Exchange about intimation regarding an addition of a new Maggi Noodles production line at the Sanand Factory, Gujarat",2026-04-01 18:50:29+05:30
ETERNAL,ESOP/ESOS/ESPS,https://nsearchives.nseindia.com/corporate/ZOMATO_01042026185630_grantdisclosureApril12026forfilingsigned.pdf,Eternal limited has informed the exchange regarding grant of stock options pursuant to approval of nomination and remuneration committee,2026-04-01 18:56:58+05:30
ADANIENT,Updates,https://nsearchives.nseindia.com/corporate/ADANIENT_01042026185459_AELSEintimation01042026.pdf,Adani Enterprises Limited has informed the Exchange regarding 'Meeting of Management Committee for Allotment of shares in accordance with the Composite Scheme'.,2026-04-01 18:55:15+05:30
MARUTI,General Updates,https://nsearchives.nseindia.com/corporate/MARUTIASHISH_01042026190946_STxIntimation_Prod_1April2026.pdf,Maruti Suzuki India Limited has informed the Exchange about Maruti Suzuki Production Volume: March 2026,2026-04-01 19:11:12+05:30
NTPC,Updates,https://nsearchives.nseindia.com/corporate/NTPC_01042026190656_20260401_Clarficiation_Capcaity_STEX.pdf,"NTPC Limited has informed the Exchange regarding 'Declaration of COD of Ayana Renewable Power Four Private Limited, a group company of NTPC Green Energy Limited'.",2026-04-01 19:07:11+05:30
ADANIPOWER,General Updates,https://nsearchives.nseindia.com/corporate/ADANIPOWER_01042026190639_APLregulation30_5_01042026.pdf,"Adani Power Limited has informed the Exchange about Intimation under Regulation 30(5) of the Securities and Exchange Board of India (Listing Obligations and Disclosure Requirements) Regulations, 2015",2026-04-01 19:06:57+05:30
WIPRO,General Updates,https://nsearchives.nseindia.com/corporate/Wipro_Secretarial_01042026190015_Reg30SEIntimation01042026.pdf,"Wipro Limited has informed the Exchange that pursuant to Regulation 30 read with Para A of Part A of Schedule III of the SEBI (Listing Obligations and Disclosure Requirements) Regulations, 2015, Cardinal US Holdings, Inc. (step-down subsidiary) has transferred its entire shareholding in Capco Consulting Services LLC (step-down subsidiary) to The Capital Markets Company, LLC (step-down subsidiary), effective March 30, 2026 (Eastern Time). The Company received intimation to this effect on April 1, 2026.",2026-04-01 19:00:49+05:30
WIPRO,Amalgamation/Merger,https://nsearchives.nseindia.com/corporate/Wipro_Secretarial_01042026192737_Reg30SEIntimation01042026.pdf,"Wipro Limited has informed the Exchange that pursuant to Regulation 30 read with Para A of Part A of Schedule III of the SEBI (Listing Obligations and Disclosure Requirements) Regulations, 2015, the following mergers of step-down subsidiaries have been completed: 1. Capco RISC Consulting LLC has merged with The Capital Markets Company, LLC, effective March 30, 2026 (Eastern Time). 2. Cardinal US Holdings, Inc. has merged with Wipro IT Services, LLC, effective March 31, 2026 (Eastern Time). The Company received intimation to this effect on April 1, 2026.",2026-04-01 19:27:59+05:30
INDIGO,Press Release,https://nsearchives.nseindia.com/corporate/Indigo1_01042026193304_Press_Release_01042026.pdf,"InterGlobe Aviation Limited has informed the Exchange regarding a press release dated April 01, 2026, titled ""Rising ATF (Air Turbine Fuel) Costs Force IndiGo to Revise Fuel Charges "".",2026-04-01 19:33:46+05:30
ICICIBANK,Updates,https://nsearchives.nseindia.com/corporate/ICICI2022_01042026193925_NSEBSE_01042026.pdf,ICICI Bank Limited has informed the Exchange regarding 'Update on ICICI Prudential Asset Management Company Limited and ICICI Venture Funds Management Company Limited'.,2026-04-01 19:40:11+05:30
CANBK,Change in Management,https://nsearchives.nseindia.com/corporate/CANBK_01042026194335_CIM.pdf,Canara Bank has informed the Exchange about change in Management,2026-04-01 19:44:23+05:30
ONGC,General Updates,https://nsearchives.nseindia.com/corporate/ONGC_01042026194750_ESG_01042026.pdf,Oil & Natural Gas Corporation Limited has informed the Exchange about ESG Rating,2026-04-01 19:49:37+05:30
CANBK,Change in Management,https://nsearchives.nseindia.com/corporate/CANBK_01042026200822_CIM.pdf,Canara Bank has informed the Exchange about change in Management,2026-04-01 20:08:59+05:30
RECLTD,Cessation,https://nsearchives.nseindia.com/corporate/RECLTD_01042026200447_Signed_Intimation_regarding_change_in_BOD.pdf,Intimation regarding change in Board of Directors of REC Limited.,2026-04-01 20:05:49+05:30
CANBK,"Certificate under SEBI (Depositories and Participants) Regulations, 2018",https://nsearchives.nseindia.com/corporate/CANBK_01042026201730_74_5_.pdf,"Canara Bank has informed the Exchange about Certificate under SEBI (Depositories and Participants) Regulations, 2018",2026-04-01 20:17:43+05:30
ADANIPORTS,Credit Rating,https://nsearchives.nseindia.com/corporate/rkbhagia_01042026201030_SEINTIMATION.pdf,Adani Ports and Special Economic Zone Limited has informed the Exchange about Credit Rating,2026-04-01 20:10:44+05:30
CGPOWER,General Updates,https://nsearchives.nseindia.com/corporate/CGPOWER_01042026202732_Disclosure_CPSI_Ceased_to_be_subsidairy_New.pdf,CG Power and Industrial Solutions Limited has informed the Exchange about General Updates,2026-04-01 20:29:10+05:30
ADANIPORTS,General Updates,https://nsearchives.nseindia.com/corporate/rkbhagia_01042026203935_SEIntimation.pdf,Adani Ports and Special Economic Zone Limited has informed the Exchange about-  Update on the Scheme of Amalgamation.,2026-04-01 20:40:23+05:30
INDHOTEL,Copy of Newspaper Publication,https://nsearchives.nseindia.com/corporate/harshmalik_01042026211145_IHCL_BSE_NSE_SPL_TFR2_Newspaper.pdf,The Indian Hotels Company Limited has informed the Exchange about Copy of Newspaper Publication regarding opening of another special window for re-lodgement of transfer request of physical shares,2026-04-01 21:13:02+05:30
INFY,"Certificate under SEBI (Depositories and Participants) Regulations, 2018",https://nsearchives.nseindia.com/corporate/Infosys_01042026211559_SEfiling_Q4FY26_Reg74_signed.pdf,"Infosys Limited has informed the Exchange about Certificate under SEBI (Depositories and Participants) Regulations, 2018",2026-04-01 21:16:34+05:30
SHRIRAMFIN,Action(s) taken or orders passed,https://nsearchives.nseindia.com/corporate/Mathew_01042026211725_NSEBSEReg30PenaltyApril012026.pdf,"Shriram Finance Limited has informed the Exchange about Reduction in penalty imposed by By Office of the Commercial Tax Officer, Chennai South",2026-04-01 21:18:39+05:30
PNB,Change in Management,https://nsearchives.nseindia.com/corporate/pnb2_01042026212642_Intimation_Change_in_Management_01042026_0001_DS.pdf,Punjab National Bank has informed the Exchange about change in Management,2026-04-01 21:26:50+05:30
VEDL,Action(s) taken or orders passed,https://nsearchives.nseindia.com/corporate/VEDL_01042026212855_VEDLSEIntimationTSPLfilingsigned.pdf,Vedanta Limited has informed the Exchange about Action(s) taken or orders passed,2026-04-01 21:29:07+05:30
SHREECEM,General Updates,https://nsearchives.nseindia.com/corporate/SHREECEM_01042026215058_NSE_BSE_Income_Tax_010426.pdf,"SHREE CEMENT LIMITED has informed the Exchange about receipt of draft Assessment Order u/s 144C(1) of the Income Tax Act, 1961 from the Income Tax Authority.",2026-04-01 21:51:13+05:30
POWERGRID,General Updates,https://nsearchives.nseindia.com/corporate/POWERGRID1_01042026223440_BSENSEReg30dt01042026.pdf,Power Grid Corporation of India Limited has informed the Exchange about POWERGRID declared as successful bidder under TBCB.,2026-04-01 22:34:50+05:30
ICICIBANK,ESOP/ESOS/ESPS,https://nsearchives.nseindia.com/corporate/ICICIBANK1_02042026115406_Lettertoexchange.pdf,ICICI Bank Limited has informed the Exchange regarding Allotment of 753218  Shares.,2026-04-02 11:54:36+05:30
PFC,General Updates,https://nsearchives.nseindia.com/corporate/PFC2023_02042026121827_INTIMATION02042026SIGNED.pdf,Intimation regarding change in Board of Directors of the Company,2026-04-02 12:18:40+05:30
BHARTIARTL,Press Release,https://nsearchives.nseindia.com/corporate/BHARTIARTL_02042026120848_BhartiAirtel_-_PressRelease.pdf,"Bharti Airtel Limited has informed the Exchange regarding a press release dated April 02, 2026, titled ""Airtel, World s Second Largest Telco, Hits 650-Million Customer Milestone"".",2026-04-02 12:09:46+05:30
PFC,Resignation of Independent director,https://nsearchives.nseindia.com/corporate/PFC_ROID_81686_KMP_Doc.zip,POWER FINANCE CORPORATION LIMITED has informed the Exchange about Resignation of Independent director.,2026-04-02 12:47:44+05:30
CANBK,Change in Management,https://nsearchives.nseindia.com/corporate/CANBK_02042026150047_CIMTRANSFERS.pdf,Canara Bank has informed the Exchange about change in Management,2026-04-02 15:01:01+05:30
LICI,Change in Management,https://nsearchives.nseindia.com/corporate/LIC_BOARD_02042026151921_Appointment_SMP_02042026.pdf,Life Insurance Corporation Of India has informed the Exchange about Smt Sangeeta Ram has been re-designated as Principal Zonal Training Centre Agra,2026-04-02 15:19:33+05:30
HINDZINC,General Updates,https://nsearchives.nseindia.com/corporate/HINDZINCNSE_02042026160529_SEIntimation02042026.pdf,"Hindustan Zinc Limited has informed the Exchange about General Updates - Production Release for the fourth quarter and year ended March 31, 2026",2026-04-02 16:07:54+05:30
IOC,"Certificate under SEBI (Depositories and Participants) Regulations, 2018",https://nsearchives.nseindia.com/corporate/IOC_02042026160739_2026_04_02_Certificate_under_Regulation_74_5_S.pdf,"Indian Oil Corporation Limited has informed the Exchange about Certificate under SEBI (Depositories and Participants) Regulations, 2018",2026-04-02 16:07:49+05:30
TMPV,Press Release,https://nsearchives.nseindia.com/corporate/TATAMOTORSSJS_02042026160212_NSEBSELetter.pdf,"Tata Motors Passenger Vehicles Limited has informed the Exchange regarding a press release dated April 02, 2026, titled ""Press Release   Jaguar Land Rover Automotive plc ( JLR ) reports its Wholesale and Retail Sales for Q4FY26"".",2026-04-02 16:02:29+05:30
BANKBARODA,News Verification,https://nsearchives.nseindia.com/corporate/BANKBARODA_02042026161634_SEclarification.pdf,The Exchange has sought clarification from Bank Of Baroda with respect to recent news item captioned MP govt withdraws five-year ban on Bank of Baroda within 24 hours..  The response from the Company is attached.,2026-04-02 16:16:51+05:30
JSWENERGY,Demerger,https://nsearchives.nseindia.com/corporate/KRUTIKAJSWEL_02042026162427_BSENSEObservationletter.pdf,JSW Energy Limited has informed the Exchange about Demerger,2026-04-02 16:24:39+05:30
ADANIPORTS,Updates,https://nsearchives.nseindia.com/corporate/rkbhagia_02042026163403_SEINTIMATION.pdf,Adani Ports and Special Economic Zone Limited has informed the Exchange regarding 'Operational performance update'.,2026-04-02 16:34:19+05:30
ONGC,"Certificate under SEBI (Depositories and Participants) Regulations, 2018",https://nsearchives.nseindia.com/corporate/ONGC_02042026165236_74_5_31032026.pdf,"Oil & Natural Gas Corporation Limited has informed the Exchange about Certificate under SEBI (Depositories and Participants) Regulations, 2018 for the quarter ended 31.03.2026.",2026-04-02 16:53:04+05:30
VEDL,Updates,https://nsearchives.nseindia.com/corporate/VEDL_02042026180623_VEDLSEIntimationInsightsbyVedantaMar2026signed.pdf,"Vedanta Limited has informed the Exchange regarding 'Disclosure under Regulation 30 of Securities and Exchange Board of India (Listing Obligations and Disclosure Requirements) Regulations, 2015 - Insights by Vedanta.",2026-04-02 18:06:50+05:30
WIPRO,Trading Window,https://nsearchives.nseindia.com/corporate/Wipro_Secretarial_02042026180453_SEIntimation02042026.pdf,"Wipro Limited has informed the Exchange regarding the Trading Window closure pursuant to SEBI (Prohibition of Insider Trading) Regulations, 2015",2026-04-02 18:06:27+05:30
APOLLOHOSP,Outcome of Board Meeting,https://nsearchives.nseindia.com/corporate/APOLLOHOSP_02042026181111_SE_let_outcome_02042026.pdf,"Apollo Hospitals Enterprise Limited has informed the Exchange regarding Outcome of Board Meeting held on April 02, 2026.",2026-04-02 18:11:40+05:30
HDFCBANK,Updates,https://nsearchives.nseindia.com/corporate/HDFCBANK_02042026181404_ESGrating2Apr2025.pdf,"HDFC Bank Limited has informed the Exchange regarding 'Intimation of ESG rating pursuant to Regulation 30 of SEBI (Listing Obligations and Disclosure Requirements) Regulations, 2015'.",2026-04-02 18:15:07+05:30
ICICIGI,ESOP/ESOS/ESPS,https://nsearchives.nseindia.com/corporate/ICICIGI_02042026181228_ESOSIntimationAprilI.pdf,ICICI Lombard General Insurance Company Limited has informed the Exchange regarding Allotment of 8807  Shares.,2026-04-02 18:16:22+05:30
RECLTD,Appointment,https://nsearchives.nseindia.com/corporate/RECLTD_02042026182412_Signed_Intimation_regarding_change_in_Board_of_Directors.pdf,Intimation regarding change in Board of Directors of REC Limited.,2026-04-02 18:26:58+05:30
HAVELLS,Disclosure under SEBI Takeover Regulations,https://nsearchives.nseindia.com/corporate/team_bbodade_02042026152346_HAVELLS.pdf,"Havells India Limited has Submitted to the Exchange a copy of Disclosure under Regulation 31(4) of the Securities and Exchange Board of India (Substantial Acquisition of Shares and Takeovers) Regulations, 2011.",2026-04-02 18:32:41+05:30
PNB,General Updates,https://nsearchives.nseindia.com/corporate/pnb2_02042026182756_Intimation_Prov_Business_Figures_31032026_0001_DS.pdf,Punjab National Bank has informed the Exchange about Provisional Business Figures for the period ended 31.03.2026,2026-04-02 18:29:42+05:30
AMBUJACEM,News Verification,https://nsearchives.nseindia.com/corporate/AMBUJACEM_02042026191036_ACL_Reply_PennaMerger.pdf,The Exchange has sought clarification from Ambuja Cements Limited with respect to recent news item captioned Ambuja Cements-Penna Cement Merger Gets Green Light from NCLT Ahmedabad..  The response from the Company is attached.,2026-04-02 19:10:55+05:30
CANBK,Copy of Newspaper Publication,https://nsearchives.nseindia.com/corporate/CANBK_02042026193038_signed.pdf,Canara Bank has informed the Exchange about Copy of Newspaper Publication,2026-04-02 19:30:51+05:30
ADANIPOWER,Bagging/Receiving of orders/contracts,https://nsearchives.nseindia.com/corporate/ADANIPOWER_02042026194405_APLLoAfromMSEDCL02042026.pdf,Adani Power Limited has informed the Exchange about Letter of Award from Maharashtra State Electricity Distribution Co. Limited,2026-04-02 19:44:15+05:30
ABB,Disclosure under SEBI Takeover Regulations,https://nsearchives.nseindia.com/corporate/team_bbodade_02042026190821_ABB.pdf,"ABB Asea Brown Boveri Ltd has Submitted to the Exchange a copy of Disclosure under Regulation 31(4) of the Securities and Exchange Board of India (Substantial Acquisition of Shares and Takeovers) Regulations, 2011.",2026-04-02 20:22:08+05:30
HYUNDAI,Shareholders meeting,https://nsearchives.nseindia.com/corporate/HMILNSE_02042026203030_Covering_Letter_with_Report_HMIL.pdf,"Hyundai Motor India Limited has submitted the Exchange a copy Srutinizers report of  Postal Ballot. Further, the company has informed the Exchange regarding voting results.",2026-04-02 20:30:58+05:30
ADANIPOWER,"Certificate under SEBI (Depositories and Participants) Regulations, 2018",https://nsearchives.nseindia.com/corporate/ADANIPOWER_02042026210154_APLreg74_5_31032026.pdf,"Adani Power Limited has informed the Exchange about Certificate under SEBI (Depositories and Participants) Regulations, 2018",2026-04-02 21:01:59+05:30
AMBUJACEM,Shareholders meeting,https://nsearchives.nseindia.com/corporate/AMBUJACEM_02042026212600_ACL_Covering_SRVR_02042026.pdf,"Ambuja Cements Limited has submitted the Exchange a copy Srutinizers report of  Postal Ballot. Further, the company has informed the Exchange regarding voting results.",2026-04-02 21:26:09+05:30
BANKBARODA,General Updates,https://nsearchives.nseindia.com/corporate/BANKBARODA_02042026232056_SEPF2026s.pdf,Bank Of Baroda has informed the Exchange about Provisional Business Figures - March 2026,2026-04-02 23:22:07+05:30
BAJAJ-AUTO,Press Release,https://nsearchives.nseindia.com/corporate/lkwalimbe_bajajauto_co_in_03042026085546_Sales_Report_March_2026.pdf,"Bajaj Auto Limited has informed the Exchange regarding a press release dated April 03, 2026, titled ""Sales for the month of March 2026.""",2026-04-03 08:56:01+05:30
TECHM,Analysts/Institutional Investor Meet/Con. Call Updates,https://nsearchives.nseindia.com/corporate/Apekshakhemka_03042026002145_InvestorInteractionQ4FY26_2_s.pdf,Tech Mahindra Limited has informed the Exchange about Schedule of meet,2026-04-03 00:21:56+05:30
ENRIN,"Certificate under SEBI (Depositories and Participants) Regulations, 2018",https://nsearchives.nseindia.com/corporate/ENRIN1_03042026124004_Reg74_5_31032026.pdf,"Siemens Energy India Limited has informed the Exchange about Certificate under SEBI (Depositories and Participants) Regulations, 2018",2026-04-03 12:40:21+05:30
HDFCBANK,Copy of Newspaper Publication,https://nsearchives.nseindia.com/corporate/HDFCBANK_03042026152914_SEDividendspecialwindowfortransferAdv202503apr2026.pdf,HDFC Bank Limited has informed the Exchange about Copy of Newspaper Publication,2026-04-03 15:31:49+05:30
MAZDOCK,Press Release,https://nsearchives.nseindia.com/corporate/MAZDOCK_03042026151917_SE_Disc_Press_Release_INS_Taragiri_Commissioning.PDF,"Mazagon Dock Shipbuilders Limited has informed the Exchange regarding a press release dated April 03, 2026, titled ""Strengthening Maritime Prowess: INS Taragiri Commissioned into the Indian Navy"".",2026-04-03 15:19:27+05:30
BHARTIARTL,Action(s) taken or orders passed,https://nsearchives.nseindia.com/corporate/BHARTIARTL_03042026154210_Bharti_Airtel_-_Reg_30_disclosure.pdf,Bharti Airtel Limited has informed the Exchange about Action(s) taken or orders passed,2026-04-03 15:42:52+05:30
ADANIGREEN,"Certificate under SEBI (Depositories and Participants) Regulations, 2018",https://nsearchives.nseindia.com/corporate/ADANIGREEN_03042026160126_Letter74.pdf,"Adani Green Energy Limited has informed the Exchange about Certificate under Reg. 74(5) of SEBI (Depositories and Participants) Regulations, 2018",2026-04-03 16:01:38+05:30
BAJAJHFL,Updates,https://nsearchives.nseindia.com/corporate/BHFL_03042026162340_Stock_Exchange_Pre_Result_Intimation_Mar_26.pdf,"Bajaj Housing Finance Limited has informed the Exchange regarding 'information under Regulation 30 of SEBI (Listing Obligations and Disclosure Requirements) Regulations, 2015 r/w Schedule A of Regulation 8 of SEBI (Prohibition of Insider Trading) Regulations, 2015'",2026-04-03 16:26:17+05:30
NAUKRI,Pendency of Litigation(s)/dispute(s) or the outcome impacting the Company,https://nsearchives.nseindia.com/corporate/NAUKRI2_03042026164639_SEIntimation_Litigation.pdf,"Info Edge (India) Limited has informed the Exchange about Disclosure under Regulation 30 of the Securities and Exchange Board of India (Listing Obligations and Disclosure Requirements) Regulations, 2015",2026-04-03 16:46:58+05:30
BANKBARODA,Change in Management,https://nsearchives.nseindia.com/corporate/BANKBARODA_03042026165604_SESMP.pdf,Bank Of Baroda has informed the Exchange about change in Management,2026-04-03 16:56:37+05:30
DMART,General Updates,https://nsearchives.nseindia.com/corporate/DMART_03042026165343_ASLCompanyIntimation03042026.pdf,Avenue Supermarts Limited has informed the Exchange about Company Update at the end of Quarter 4 (Q4) of Financial Year 2025-26,2026-04-03 16:54:51+05:30
APOLLOHOSP,Scheme of Arrangement,https://nsearchives.nseindia.com/corporate/APOLLOHOSP_03042026170310_SE_let_NCLT_order.pdf,Apollo Hospitals Enterprise Limited has informed the Exchange about Scheme of Arrangement - update on receipt of NCLT order,2026-04-03 17:03:46+05:30
VEDL,Updates,https://nsearchives.nseindia.com/corporate/VEDL_03042026173848_SEIntimationProductionReleaseApril2026signed.pdf,Vedanta Limited has informed the Exchange regarding ' Production Release'.,2026-04-03 17:39:19+05:30
WIPRO,"Certificate under SEBI (Depositories and Participants) Regulations, 2018",https://nsearchives.nseindia.com/corporate/Cslogin_03042026175743_SEIntimation03042026.pdf,"Wipro Limited has informed the Exchange about Certificate under Regulation 74(5) of SEBI (Depositories and Participants) Regulations, 2018 for the period ended March 31, 2026",2026-04-03 17:58:10+05:30
SIEMENS,"Certificate under SEBI (Depositories and Participants) Regulations, 2018",https://nsearchives.nseindia.com/corporate/SIEMENS57_03042026183549_SE_Intimation.pdf,"Siemens Limited has informed the Exchange about Certificate under SEBI (Depositories and Participants) Regulations, 2018",2026-04-03 18:35:58+05:30
BAJFINANCE,General Updates,https://nsearchives.nseindia.com/corporate/BAJFINANCE_03042026190609_BFL_-_Pre-results_earning_disclosures_for_Q4FY26_-_Final.pdf,"Bajaj Finance Limited has informed the Exchange regarding General Updates Information Under Regulation 30 of SEBI Listing Regulations, 2015, read with Schedule A of Regulation 8 of SEBI (Prohibition of Insider Trading) Regulations, 2015",2026-04-03 19:07:08+05:30
HAVELLS,Analysts/Institutional Investor Meet/Con. Call Updates,https://nsearchives.nseindia.com/corporate/HAVELLS1_26042026203710_Transcript_Q4_24042026_signed.pdf,Havells India Limited has informed the Exchange about Transcript,2026-04-26 20:37:31+05:30
ULTRACEMCO,Analysts/Institutional Investor Meet/Con. Call Updates,https://nsearchives.nseindia.com/corporate/ULTRACEMCO1_26042026201439_AnalystMeet29042026.pdf,UltraTech Cement Limited has informed the Exchange about Schedule of meet,2026-04-26 20:15:23+05:30
